file,actual,predicted,correct,actual_tumor,predicted_tumor,tumor_score,confidence,glioma_score,meningioma_score,notumor_score,pituitary_score
Testing/glioma/Te-gl_1.jpg,glioma,meningioma,0,1,1,0.9996,0.9983,0.0011,0.9983,0.0004,0.0003
Testing/glioma/Te-gl_10.jpg,glioma,glioma,1,1,1,0.9999,0.9998,0.9998,0.0001,0.0001,0.0001
Testing/glioma/Te-gl_100.jpg,glioma,glioma,1,1,1,1.0,1.0,1.0,0.0,0.0,0.0
Testing/glioma/Te-gl_101.jpg,glioma,glioma,1,1,1,0.9995,0.9958,0.9958,0.0017,0.0005,0.002
Testing/glioma/Te-gl_102.jpg,glioma,notumor,0,1,0,0.4079,0.5921,0.0941,0.0167,0.5921,0.297
Testing/glioma/Te-gl_103.jpg,glioma,meningioma,0,1,1,0.9862,0.9722,0.0139,0.9722,0.0138,0.0
Testing/glioma/Te-gl_104.jpg,glioma,glioma,1,1,1,1.0,0.9999,0.9999,0.0,0.0,0.0001
Testing/glioma/Te-gl_105.jpg,glioma,glioma,1,1,1,1.0,1.0,1.0,0.0,0.0,0.0
Testing/glioma/Te-gl_106.jpg,glioma,notumor,0,1,0,0.2725,0.7275,0.0003,0.2719,0.7275,0.0003
Testing/glioma/Te-gl_107.jpg,glioma,glioma,1,1,1,1.0,0.9999,0.9999,0.0,0.0,0.0
Testing/glioma/Te-gl_108.jpg,glioma,glioma,1,1,1,0.9992,0.9968,0.9968,0.0019,0.0008,0.0006
Testing/glioma/Te-gl_109.jpg,glioma,meningioma,0,1,1,0.8402,0.8135,0.0215,0.8135,0.1598,0.0052
Testing/glioma/Te-gl_11.jpg,glioma,glioma,1,1,1,1.0,0.9999,0.9999,0.0,0.0,0.0
Testing/glioma/Te-gl_110.jpg,glioma,glioma,1,1,1,0.9999,0.9995,0.9995,0.0001,0.0001,0.0002
Testing/glioma/Te-gl_111.jpg,glioma,glioma,1,1,1,1.0,0.9999,0.9999,0.0,0.0,0.0
Testing/glioma/Te-gl_112.jpg,glioma,glioma,1,1,1,1.0,0.9999,0.9999,0.0,0.0,0.0
Testing/glioma/Te-gl_113.jpg,glioma,glioma,1,1,1,0.9965,0.9614,0.9614,0.0206,0.0035,0.0145
Testing/glioma/Te-gl_114.jpg,glioma,glioma,1,1,1,0.9999,0.9995,0.9995,0.0003,0.0001,0.0001
Testing/glioma/Te-gl_115.jpg,glioma,notumor,0,1,0,0.154,0.846,0.0029,0.1328,0.846,0.0182
Testing/glioma/Te-gl_116.jpg,glioma,glioma,1,1,1,1.0,0.9999,0.9999,0.0,0.0,0.0001
Testing/glioma/Te-gl_117.jpg,glioma,glioma,1,1,1,1.0,0.9998,0.9998,0.0001,0.0,0.0
Testing/glioma/Te-gl_118.jpg,glioma,glioma,1,1,1,1.0,0.9999,0.9999,0.0,0.0,0.0
Testing/glioma/Te-gl_119.jpg,glioma,glioma,1,1,1,0.9999,0.998,0.998,0.0018,0.0001,0.0001
Testing/glioma/Te-gl_12.jpg,glioma,glioma,1,1,1,0.9998,0.9996,0.9996,0.0001,0.0002,0.0001
Testing/glioma/Te-gl_120.jpg,glioma,glioma,1,1,1,0.9996,0.999,0.999,0.0002,0.0004,0.0004
Testing/glioma/Te-gl_121.jpg,glioma,glioma,1,1,1,0.9999,0.9989,0.9989,0.0007,0.0001,0.0002
Testing/glioma/Te-gl_122.jpg,glioma,glioma,1,1,1,1.0,0.9999,0.9999,0.0,0.0,0.0
Testing/glioma/Te-gl_123.jpg,glioma,glioma,1,1,1,0.9998,0.9996,0.9996,0.0001,0.0002,0.0001
Testing/glioma/Te-gl_124.jpg,glioma,glioma,1,1,1,0.9999,0.9999,0.9999,0.0,0.0001,0.0
Testing/glioma/Te-gl_125.jpg,glioma,glioma,1,1,1,0.9963,0.9846,0.9846,0.011,0.0037,0.0006
Testing/glioma/Te-gl_126.jpg,glioma,meningioma,0,1,1,0.9803,0.9771,0.0006,0.9771,0.0197,0.0027
Testing/glioma/Te-gl_127.jpg,glioma,glioma,1,1,1,1.0,1.0,1.0,0.0,0.0,0.0
Testing/glioma/Te-gl_128.jpg,glioma,glioma,1,1,1,1.0,1.0,1.0,0.0,0.0,0.0
Testing/glioma/Te-gl_129.jpg,glioma,notumor,0,1,0,0.0087,0.9913,0.0007,0.0066,0.9913,0.0014
Testing/glioma/Te-gl_13.jpg,glioma,glioma,1,1,1,1.0,0.9999,0.9999,0.0,0.0,0.0
Testing/glioma/Te-gl_130.jpg,glioma,meningioma,0,1,1,0.9983,0.5299,0.4678,0.5299,0.0017,0.0007
Testing/glioma/Te-gl_131.jpg,glioma,glioma,1,1,1,0.9998,0.9995,0.9995,0.0002,0.0002,0.0001
Testing/glioma/Te-gl_132.jpg,glioma,glioma,1,1,1,0.9999,0.9994,0.9994,0.0003,0.0001,0.0002
Testing/glioma/Te-gl_133.jpg,glioma,notumor,0,1,0,0.0223,0.9777,0.0113,0.0073,0.9777,0.0037
Testing/glioma/Te-gl_134.jpg,glioma,glioma,1,1,1,1.0,1.0,1.0,0.0,0.0,0.0
Testing/glioma/Te-gl_135.jpg,glioma,glioma,1,1,1,0.9998,0.9993,0.9993,0.0002,0.0002,0.0003
Testing/glioma/Te-gl_136.jpg,glioma,glioma,1,1,1,0.9997,0.9909,0.9909,0.0,0.0003,0.0087
Testing/glioma/Te-gl_137.jpg,glioma,glioma,1,1,1,0.9999,0.9998,0.9998,0.0001,0.0001,0.0
Testing/glioma/Te-gl_138.jpg,glioma,glioma,1,1,1,0.9999,0.9998,0.9998,0.0001,0.0001,0.0001
Testing/glioma/Te-gl_139.jpg,glioma,glioma,1,1,1,1.0,0.9999,0.9999,0.0,0.0,0.0
Testing/glioma/Te-gl_14.jpg,glioma,glioma,1,1,1,0.999,0.9842,0.9842,0.0145,0.001,0.0004
Testing/glioma/Te-gl_140.jpg,glioma,meningioma,0,1,1,1.0,0.9999,0.0001,0.9999,0.0,0.0
Testing/glioma/Te-gl_141.jpg,glioma,glioma,1,1,1,1.0,0.9999,0.9999,0.0,0.0,0.0
Testing/glioma/Te-gl_142.jpg,glioma,glioma,1,1,1,0.9985,0.9908,0.9908,0.0058,0.0015,0.0018
Testing/glioma/Te-gl_143.jpg,glioma,notumor,0,1,0,0.0535,0.9465,0.0045,0.0216,0.9465,0.0273
Testing/glioma/Te-gl_144.jpg,glioma,notumor,0,1,0,0.1043,0.8957,0.0031,0.0958,0.8957,0.0055
Testing/glioma/Te-gl_145.jpg,glioma,glioma,1,1,1,0.9999,0.9998,0.9998,0.0,0.0001,0.0
Testing/glioma/Te-gl_146.jpg,glioma,glioma,1,1,1,0.9997,0.9973,0.9973,0.0021,0.0003,0.0003
Testing/glioma/Te-gl_147.jpg,glioma,glioma,1,1,1,0.9993,0.98,0.98,0.0011,0.0007,0.0182
Testing/glioma/Te-gl_148.jpg,glioma,glioma,1,1,1,0.9999,0.9996,0.9996,0.0003,0.0001,0.0001
Testing/glioma/Te-gl_149.jpg,glioma,glioma,1,1,1,1.0,0.9999,0.9999,0.0,0.0,0.0
Testing/glioma/Te-gl_15.jpg,glioma,meningioma,0,1,1,0.904,0.7446,0.0263,0.7446,0.096,0.1331
Testing/glioma/Te-gl_150.jpg,glioma,glioma,1,1,1,1.0,0.9999,0.9999,0.0,0.0,0.0
Testing/glioma/Te-gl_151.jpg,glioma,notumor,0,1,0,0.2951,0.7049,0.0046,0.2884,0.7049,0.0021
Testing/glioma/Te-gl_152.jpg,glioma,glioma,1,1,1,1.0,0.9999,0.9999,0.0,0.0,0.0
Testing/glioma/Te-gl_153.jpg,glioma,glioma,1,1,1,0.9996,0.9979,0.9979,0.0014,0.0004,0.0003
Testing/glioma/Te-gl_154.jpg,glioma,glioma,1,1,1,0.9999,0.9998,0.9998,0.0001,0.0001,0.0001
Testing/glioma/Te-gl_155.jpg,glioma,glioma,1,1,1,1.0,0.9999,0.9999,0.0,0.0,0.0
Testing/glioma/Te-gl_156.jpg,glioma,glioma,1,1,1,1.0,0.9999,0.9999,0.0,0.0,0.0
Testing/glioma/Te-gl_157.jpg,glioma,glioma,1,1,1,0.9989,0.9843,0.9843,0.0142,0.0011,0.0004
Testing/glioma/Te-gl_158.jpg,glioma,glioma,1,1,1,1.0,0.9999,0.9999,0.0001,0.0,0.0
Testing/glioma/Te-gl_159.jpg,glioma,notumor,0,1,0,0.0216,0.9784,0.0005,0.0058,0.9784,0.0153
Testing/glioma/Te-gl_16.jpg,glioma,glioma,1,1,1,0.9979,0.8089,0.8089,0.1874,0.0021,0.0016
Testing/glioma/Te-gl_160.jpg,glioma,meningioma,0,1,1,1.0,0.9999,0.0,0.9999,0.0,0.0
Testing/glioma/Te-gl_161.jpg,glioma,glioma,1,1,1,0.9998,0.923,0.923,0.0,0.0002,0.0768
Testing/glioma/Te-gl_162.jpg,glioma,glioma,1,1,1,1.0,0.9999,0.9999,0.0,0.0,0.0
Testing/glioma/Te-gl_163.jpg,glioma,glioma,1,1,1,1.0,0.9999,0.9999,0.0,0.0,0.0
Testing/glioma/Te-gl_164.jpg,glioma,glioma,1,1,1,0.9999,0.9996,0.9996,0.0003,0.0001,0.0001
Testing/glioma/Te-gl_165.jpg,glioma,glioma,1,1,1,0.9999,0.9998,0.9998,0.0001,0.0001,0.0001
Testing/glioma/Te-gl_166.jpg,glioma,notumor,0,1,0,0.0147,0.9853,0.0023,0.0118,0.9853,0.0006
Testing/glioma/Te-gl_167.jpg,glioma,pituitary,0,1,1,0.7832,0.3764,0.1077,0.2991,0.2168,0.3764
Testing/glioma/Te-gl_168.jpg,glioma,glioma,1,1,1,1.0,0.9999,0.9999,0.0,0.0,0.0
Testing/glioma/Te-gl_17.jpg,glioma,glioma,1,1,1,1.0,0.9999,0.9999,0.0,0.0,0.0
Testing/glioma/Te-gl_170.jpg,glioma,notumor,0,1,0,0.0008,0.9992,0.0003,0.0004,0.9992,0.0001
Testing/glioma/Te-gl_171.jpg,glioma,notumor,0,1,0,0.0237,0.9763,0.0005,0.023,0.9763,0.0003
Testing/glioma/Te-gl_172.jpg,glioma,glioma,1,1,1,0.9983,0.9242,0.9242,0.0728,0.0017,0.0012
Testing/glioma/Te-gl_173.jpg,glioma,glioma,1,1,1,0.9999,0.9995,0.9995,0.0003,0.0001,0.0001
Testing/glioma/Te-gl_174.jpg,glioma,glioma,1,1,1,1.0,0.9999,0.9999,0.0,0.0,0.0
Testing/glioma/Te-gl_175.jpg,glioma,glioma,1,1,1,0.9999,0.9998,0.9998,0.0001,0.0001,0.0001
Testing/glioma/Te-gl_176.jpg,glioma,glioma,1,1,1,0.9992,0.9957,0.9957,0.0028,0.0008,0.0008
Testing/glioma/Te-gl_177.jpg,glioma,glioma,1,1,1,1.0,1.0,1.0,0.0,0.0,0.0
Testing/glioma/Te-gl_179.jpg,glioma,glioma,1,1,1,1.0,0.9999,0.9999,0.0,0.0,0.0
Testing/glioma/Te-gl_18.jpg,glioma,glioma,1,1,1,1.0,0.9999,0.9999,0.0,0.0,0.0
Testing/glioma/Te-gl_180.jpg,glioma,glioma,1,1,1,0.9998,0.9994,0.9994,0.0003,0.0002,0.0002
Testing/glioma/Te-gl_181.jpg,glioma,glioma,1,1,1,0.9989,0.9868,0.9868,0.0108,0.0011,0.0013
Testing/glioma/Te-gl_182.jpg,glioma,glioma,1,1,1,0.9999,0.9998,0.9998,0.0001,0.0001,0.0
Testing/glioma/Te-gl_183.jpg,glioma,glioma,1,1,1,1.0,1.0,1.0,0.0,0.0,0.0
Testing/glioma/Te-gl_184.jpg,glioma,glioma,1,1,1,0.9982,0.9495,0.9495,0.048,0.0018,0.0008
Testing/glioma/Te-gl_185.jpg,glioma,glioma,1,1,1,1.0,0.9999,0.9999,0.0,0.0,0.0
Testing/glioma/Te-gl_186.jpg,glioma,glioma,1,1,1,1.0,0.9999,0.9999,0.0,0.0,0.0
Testing/glioma/Te-gl_187.jpg,glioma,notumor,0,1,0,0.2581,0.7419,0.0023,0.255,0.7419,0.0007
Testing/glioma/Te-gl_188.jpg,glioma,glioma,1,1,1,1.0,0.9999,0.9999,0.0,0.0,0.0
Testing/glioma/Te-gl_189.jpg,glioma,pituitary,0,1,1,0.9051,0.7164,0.0075,0.1812,0.0949,0.7164
Testing/glioma/Te-gl_19.jpg,glioma,glioma,1,1,1,1.0,0.9993,0.9993,0.0006,0.0,0.0001
Testing/glioma/Te-gl_190.jpg,glioma,glioma,1,1,1,0.9999,0.9998,0.9998,0.0001,0.0001,0.0001
Testing/glioma/Te-gl_191.jpg,glioma,glioma,1,1,1,0.9999,0.9995,0.9995,0.0003,0.0001,0.0001
Testing/glioma/Te-gl_192.jpg,glioma,glioma,1,1,1,1.0,0.9999,0.9999,0.0,0.0,0.0
Testing/glioma/Te-gl_193.jpg,glioma,glioma,1,1,1,0.9997,0.9979,0.9979,0.0016,0.0003,0.0003
Testing/glioma/Te-gl_194.jpg,glioma,glioma,1,1,1,1.0,0.9999,0.9999,0.0,0.0,0.0
Testing/glioma/Te-gl_195.jpg,glioma,glioma,1,1,1,1.0,0.9999,0.9999,0.0,0.0,0.0
Testing/glioma/Te-gl_196.jpg,glioma,meningioma,0,1,1,0.8124,0.8016,0.0038,0.8016,0.1876,0.007
Testing/glioma/Te-gl_197.jpg,glioma,glioma,1,1,1,0.9999,0.9998,0.9998,0.0001,0.0001,0.0
Testing/glioma/Te-gl_198.jpg,glioma,glioma,1,1,1,1.0,0.9999,0.9999,0.0,0.0,0.0
Testing/glioma/Te-gl_199.jpg,glioma,glioma,1,1,1,0.9959,0.834,0.834,0.1538,0.0041,0.0081
Testing/glioma/Te-gl_2.jpg,glioma,glioma,1,1,1,0.9999,0.9998,0.9998,0.0001,0.0001,0.0001
Testing/glioma/Te-gl_20.jpg,glioma,glioma,1,1,1,0.9997,0.9945,0.9945,0.0045,0.0003,0.0007
Testing/glioma/Te-gl_200.jpg,glioma,glioma,1,1,1,1.0,0.9999,0.9999,0.0,0.0,0.0001
Testing/glioma/Te-gl_201.jpg,glioma,glioma,1,1,1,1.0,1.0,1.0,0.0,0.0,0.0
Testing/glioma/Te-gl_202.jpg,glioma,glioma,1,1,1,0.9999,0.9919,0.9919,0.0068,0.0001,0.0012
Testing/glioma/Te-gl_203.jpg,glioma,glioma,1,1,1,1.0,0.9999,0.9999,0.0,0.0,0.0
Testing/glioma/Te-gl_204.jpg,glioma,notumor,0,1,0,0.1619,0.8381,0.0018,0.0776,0.8381,0.0825
Testing/glioma/Te-gl_205.jpg,glioma,glioma,1,1,1,0.9986,0.9626,0.9626,0.0352,0.0014,0.0009
Testing/glioma/Te-gl_206.jpg,glioma,glioma,1,1,1,1.0,0.9999,0.9999,0.0,0.0,0.0
Testing/glioma/Te-gl_207.jpg,glioma,glioma,1,1,1,1.0,0.9999,0.9999,0.0,0.0,0.0
Testing/glioma/Te-gl_208.jpg,glioma,glioma,1,1,1,0.9993,0.9883,0.9883,0.0103,0.0007,0.0007
Testing/glioma/Te-gl_209.jpg,glioma,glioma,1,1,1,1.0,1.0,1.0,0.0,0.0,0.0
Testing/glioma/Te-gl_21.jpg,glioma,glioma,1,1,1,1.0,0.9999,0.9999,0.0,0.0,0.0
Testing/glioma/Te-gl_210.jpg,glioma,glioma,1,1,1,1.0,0.9999,0.9999,0.0,0.0,0.0
Testing/glioma/Te-gl_211.jpg,glioma,notumor,0,1,0,0.1991,0.8009,0.1014,0.0954,0.8009,0.0023
Testing/glioma/Te-gl_212.jpg,glioma,pituitary,0,1,1,0.9771,0.8244,0.0035,0.1492,0.0229,0.8244
Testing/glioma/Te-gl_213.jpg,glioma,glioma,1,1,1,0.9995,0.9963,0.9963,0.0014,0.0005,0.0018
Testing/glioma/Te-gl_214.jpg,glioma,glioma,1,1,1,0.9999,0.9998,0.9998,0.0001,0.0001,0.0001
Testing/glioma/Te-gl_215.jpg,glioma,notumor,0,1,0,0.0165,0.9835,0.0014,0.0056,0.9835,0.0095
Testing/glioma/Te-gl_216.jpg,glioma,glioma,1,1,1,0.9999,0.9998,0.9998,0.0001,0.0001,0.0001
Testing/glioma/Te-gl_217.jpg,glioma,glioma,1,1,1,1.0,0.9999,0.9999,0.0,0.0,0.0
Testing/glioma/Te-gl_218.jpg,glioma,notumor,0,1,0,0.0385,0.9615,0.0007,0.0368,0.9615,0.0009
Testing/glioma/Te-gl_219.jpg,glioma,glioma,1,1,1,0.9999,0.9999,0.9999,0.0,0.0001,0.0001
Testing/glioma/Te-gl_22.jpg,glioma,glioma,1,1,1,0.9997,0.9993,0.9993,0.0003,0.0003,0.0002
Testing/glioma/Te-gl_220.jpg,glioma,glioma,1,1,1,1.0,0.9999,0.9999,0.0,0.0,0.0
Testing/glioma/Te-gl_221.jpg,glioma,glioma,1,1,1,0.9995,0.9958,0.9958,0.0032,0.0005,0.0005
Testing/glioma/Te-gl_222.jpg,glioma,glioma,1,1,1,1.0,0.9999,0.9999,0.0,0.0,0.0
Testing/glioma/Te-gl_223.jpg,glioma,glioma,1,1,1,1.0,0.9999,0.9999,0.0,0.0,0.0
Testing/glioma/Te-gl_224.jpg,glioma,glioma,1,1,1,0.9997,0.9959,0.9959,0.0035,0.0003,0.0003
Testing/glioma/Te-gl_226.jpg,glioma,glioma,1,1,1,1.0,0.9998,0.9998,0.0001,0.0,0.0001
Testing/glioma/Te-gl_227.jpg,glioma,glioma,1,1,1,1.0,1.0,1.0,0.0,0.0,0.0
Testing/glioma/Te-gl_229.jpg,glioma,notumor,0,1,0,0.2311,0.7689,0.0119,0.2102,0.7689,0.0091
Testing/glioma/Te-gl_23.jpg,glioma,glioma,1,1,1,0.9994,0.989,0.989,0.0097,0.0006,0.0007
Testing/glioma/Te-gl_230.jpg,glioma,glioma,1,1,1,0.9999,0.9993,0.9993,0.0005,0.0001,0.0001
Testing/glioma/Te-gl_231.jpg,glioma,glioma,1,1,1,0.9999,0.9995,0.9995,0.0003,0.0001,0.0001
Testing/glioma/Te-gl_232.jpg,glioma,glioma,1,1,1,0.9999,0.9996,0.9996,0.0001,0.0001,0.0002
Testing/glioma/Te-gl_234.jpg,glioma,glioma,1,1,1,1.0,0.9999,0.9999,0.0,0.0,0.0
Testing/glioma/Te-gl_235.jpg,glioma,glioma,1,1,1,1.0,0.9999,0.9999,0.0,0.0,0.0
Testing/glioma/Te-gl_236.jpg,glioma,glioma,1,1,1,0.9994,0.9909,0.9909,0.0081,0.0006,0.0003
Testing/glioma/Te-gl_237.jpg,glioma,glioma,1,1,1,1.0,1.0,1.0,0.0,0.0,0.0
Testing/glioma/Te-gl_239.jpg,glioma,glioma,1,1,1,0.9995,0.9902,0.9902,0.0085,0.0005,0.0008
Testing/glioma/Te-gl_24.jpg,glioma,glioma,1,1,1,1.0,1.0,1.0,0.0,0.0,0.0
Testing/glioma/Te-gl_240.jpg,glioma,glioma,1,1,1,1.0,0.9999,0.9999,0.0,0.0,0.0
Testing/glioma/Te-gl_241.jpg,glioma,glioma,1,1,1,1.0,0.9999,0.9999,0.0,0.0,0.0
Testing/glioma/Te-gl_242.jpg,glioma,glioma,1,1,1,1.0,0.9999,0.9999,0.0,0.0,0.0001
Testing/glioma/Te-gl_243.jpg,glioma,glioma,1,1,1,1.0,0.9999,0.9999,0.0,0.0,0.0
Testing/glioma/Te-gl_244.jpg,glioma,glioma,1,1,1,0.9998,0.9993,0.9993,0.0004,0.0002,0.0002
Testing/glioma/Te-gl_245.jpg,glioma,glioma,1,1,1,0.9999,0.9995,0.9995,0.0003,0.0001,0.0001
Testing/glioma/Te-gl_246.jpg,glioma,glioma,1,1,1,0.9985,0.8995,0.8995,0.0977,0.0015,0.0013
Testing/glioma/Te-gl_247.jpg,glioma,glioma,1,1,1,1.0,0.9999,0.9999,0.0,0.0,0.0
Testing/glioma/Te-gl_248.jpg,glioma,glioma,1,1,1,1.0,0.9999,0.9999,0.0,0.0,0.0
Testing/glioma/Te-gl_249.jpg,glioma,glioma,1,1,1,1.0,1.0,1.0,0.0,0.0,0.0
Testing/glioma/Te-gl_25.jpg,glioma,glioma,1,1,1,1.0,0.9999,0.9999,0.0,0.0,0.0
Testing/glioma/Te-gl_250.jpg,glioma,glioma,1,1,1,1.0,0.9999,0.9999,0.0,0.0,0.0
Testing/glioma/Te-gl_251.jpg,glioma,glioma,1,1,1,1.0,0.9999,0.9999,0.0,0.0,0.0
Testing/glioma/Te-gl_252.jpg,glioma,glioma,1,1,1,0.9999,0.9945,0.9945,0.005,0.0001,0.0003
Testing/glioma/Te-gl_253.jpg,glioma,glioma,1,1,1,1.0,0.9999,0.9999,0.0,0.0,0.0
Testing/glioma/Te-gl_254.jpg,glioma,glioma,1,1,1,1.0,0.9999,0.9999,0.0,0.0,0.0
Testing/glioma/Te-gl_255.jpg,glioma,glioma,1,1,1,0.9999,0.9989,0.9989,0.0008,0.0001,0.0002
Testing/glioma/Te-gl_256.jpg,glioma,glioma,1,1,1,1.0,0.9999,0.9999,0.0,0.0,0.0
Testing/glioma/Te-gl_257.jpg,glioma,glioma,1,1,1,1.0,0.9999,0.9999,0.0,0.0,0.0
Testing/glioma/Te-gl_258.jpg,glioma,glioma,1,1,1,1.0,0.9999,0.9999,0.0,0.0,0.0
Testing/glioma/Te-gl_26.jpg,glioma,glioma,1,1,1,1.0,0.9999,0.9999,0.0,0.0,0.0
Testing/glioma/Te-gl_260.jpg,glioma,glioma,1,1,1,0.9998,0.999,0.999,0.0006,0.0002,0.0001
Testing/glioma/Te-gl_261.jpg,glioma,glioma,1,1,1,1.0,0.9999,0.9999,0.0,0.0,0.0
Testing/glioma/Te-gl_262.jpg,glioma,glioma,1,1,1,1.0,0.9999,0.9999,0.0,0.0,0.0
Testing/glioma/Te-gl_263.jpg,glioma,glioma,1,1,1,0.999,0.9947,0.9947,0.0021,0.001,0.0022
Testing/glioma/Te-gl_264.jpg,glioma,meningioma,0,1,1,0.9575,0.9513,0.0014,0.9513,0.0425,0.0048
Testing/glioma/Te-gl_265.jpg,glioma,glioma,1,1,1,1.0,1.0,1.0,0.0,0.0,0.0
Testing/glioma/Te-gl_266.jpg,glioma,glioma,1,1,1,0.9911,0.988,0.988,0.0014,0.0089,0.0017
Testing/glioma/Te-gl_267.jpg,glioma,glioma,1,1,1,1.0,0.9998,0.9998,0.0001,0.0,0.0
Testing/glioma/Te-gl_268.jpg,glioma,glioma,1,1,1,0.9999,0.9998,0.9998,0.0001,0.0001,0.0
Testing/glioma/Te-gl_269.jpg,glioma,glioma,1,1,1,0.9997,0.996,0.996,0.0034,0.0003,0.0002
Testing/glioma/Te-gl_27.jpg,glioma,meningioma,0,1,1,0.9214,0.9207,0.0002,0.9207,0.0786,0.0005
Testing/glioma/Te-gl_270.jpg,glioma,glioma,1,1,1,1.0,0.9999,0.9999,0.0,0.0,0.0
Testing/glioma/Te-gl_271.jpg,glioma,glioma,1,1,1,1.0,0.9998,0.9998,0.0001,0.0,0.0001
Testing/glioma/Te-gl_273.jpg,glioma,glioma,1,1,1,0.9999,0.9997,0.9997,0.0001,0.0001,0.0002
Testing/glioma/Te-gl_274.jpg,glioma,glioma,1,1,1,1.0,0.9999,0.9999,0.0,0.0,0.0
Testing/glioma/Te-gl_275.jpg,glioma,meningioma,0,1,1,0.9165,0.9007,0.0145,0.9007,0.0835,0.0013
Testing/glioma/Te-gl_276.jpg,glioma,glioma,1,1,1,0.9973,0.9939,0.9939,0.0026,0.0027,0.0007
Testing/glioma/Te-gl_277.jpg,glioma,notumor,0,1,0,0.001,0.999,0.0001,0.0006,0.999,0.0002
Testing/glioma/Te-gl_279.jpg,glioma,glioma,1,1,1,0.9997,0.9993,0.9993,0.0003,0.0003,0.0001
Testing/glioma/Te-gl_28.jpg,glioma,glioma,1,1,1,1.0,0.9999,0.9999,0.0,0.0,0.0
Testing/glioma/Te-gl_280.jpg,glioma,glioma,1,1,1,1.0,0.9999,0.9999,0.0001,0.0,0.0
Testing/glioma/Te-gl_281.jpg,glioma,glioma,1,1,1,1.0,0.9999,0.9999,0.0,0.0,0.0
Testing/glioma/Te-gl_282.jpg,glioma,glioma,1,1,1,1.0,0.9999,0.9999,0.0,0.0,0.0
Testing/glioma/Te-gl_283.jpg,glioma,glioma,1,1,1,0.9999,0.9995,0.9995,0.0003,0.0001,0.0001
Testing/glioma/Te-gl_284.jpg,glioma,glioma,1,1,1,1.0,0.9999,0.9999,0.0,0.0,0.0
Testing/glioma/Te-gl_285.jpg,glioma,glioma,1,1,1,0.9999,0.9996,0.9996,0.0001,0.0001,0.0001
Testing/glioma/Te-gl_286.jpg,glioma,glioma,1,1,1,0.9995,0.9947,0.9947,0.0044,0.0005,0.0004
Testing/glioma/Te-gl_287.jpg,glioma,glioma,1,1,1,0.9998,0.9813,0.9813,0.0182,0.0002,0.0003
Testing/glioma/Te-gl_288.jpg,glioma,glioma,1,1,1,1.0,1.0,1.0,0.0,0.0,0.0
Testing/glioma/Te-gl_289.jpg,glioma,glioma,1,1,1,1.0,0.9999,0.9999,0.0,0.0,0.0
Testing/glioma/Te-gl_290.jpg,glioma,glioma,1,1,1,0.9999,0.9995,0.9995,0.0003,0.0001,0.0001
Testing/glioma/Te-gl_291.jpg,glioma,glioma,1,1,1,1.0,0.9999,0.9999,0.0,0.0,0.0
Testing/glioma/Te-gl_292.jpg,glioma,glioma,1,1,1,0.9999,0.9998,0.9998,0.0001,0.0001,0.0001
Testing/glioma/Te-gl_293.jpg,glioma,glioma,1,1,1,1.0,0.9999,0.9999,0.0,0.0,0.0
Testing/glioma/Te-gl_294.jpg,glioma,glioma,1,1,1,1.0,0.9999,0.9999,0.0,0.0,0.0001
Testing/glioma/Te-gl_295.jpg,glioma,notumor,0,1,0,0.5146,0.4854,0.1067,0.0059,0.4854,0.402
Testing/glioma/Te-gl_296.jpg,glioma,glioma,1,1,1,0.9997,0.9993,0.9993,0.0,0.0003,0.0004
Testing/glioma/Te-gl_297.jpg,glioma,glioma,1,1,1,1.0,0.9999,0.9999,0.0,0.0,0.0
Testing/glioma/Te-gl_298.jpg,glioma,glioma,1,1,1,1.0,0.9999,0.9999,0.0,0.0,0.0
Testing/glioma/Te-gl_3.jpg,glioma,glioma,1,1,1,0.9998,0.9991,0.9991,0.0005,0.0002,0.0002
Testing/glioma/Te-gl_30.jpg,glioma,notumor,0,1,0,0.2083,0.7917,0.0737,0.1259,0.7917,0.0087
Testing/glioma/Te-gl_300.jpg,glioma,meningioma,0,1,1,0.998,0.5235,0.4644,0.5235,0.002,0.01
Testing/glioma/Te-gl_301.jpg,glioma,glioma,1,1,1,1.0,0.9999,0.9999,0.0001,0.0,0.0
Testing/glioma/Te-gl_302.jpg,glioma,glioma,1,1,1,0.9999,0.9997,0.9997,0.0001,0.0001,0.0001
Testing/glioma/Te-gl_304.jpg,glioma,glioma,1,1,1,0.998,0.9337,0.9337,0.0634,0.002,0.0009
Testing/glioma/Te-gl_305.jpg,glioma,glioma,1,1,1,0.9996,0.9993,0.9993,0.0001,0.0004,0.0002
Testing/glioma/Te-gl_306.jpg,glioma,glioma,1,1,1,0.9993,0.9946,0.9946,0.0039,0.0007,0.0007
Testing/glioma/Te-gl_307.jpg,glioma,glioma,1,1,1,0.9999,0.9998,0.9998,0.0001,0.0001,0.0
Testing/glioma/Te-gl_308.jpg,glioma,meningioma,0,1,1,0.9973,0.6855,0.3036,0.6855,0.0027,0.0082
Testing/glioma/Te-gl_309.jpg,glioma,glioma,1,1,1,0.9999,0.9974,0.9974,0.0022,0.0001,0.0003
Testing/glioma/Te-gl_31.jpg,glioma,glioma,1,1,1,1.0,0.9999,0.9999,0.0,0.0,0.0001
Testing/glioma/Te-gl_310.jpg,glioma,notumor,0,1,0,0.2251,0.7749,0.0004,0.2238,0.7749,0.0009
Testing/glioma/Te-gl_312.jpg,glioma,glioma,1,1,1,1.0,0.9999,0.9999,0.0,0.0,0.0
Testing/glioma/Te-gl_313.jpg,glioma,meningioma,0,1,1,0.7547,0.7214,0.0314,0.7214,0.2453,0.002
Testing/glioma/Te-gl_314.jpg,glioma,notumor,0,1,0,0.1061,0.8939,0.0213,0.0648,0.8939,0.0199
Testing/glioma/Te-gl_315.jpg,glioma,meningioma,0,1,1,0.9975,0.8067,0.1829,0.8067,0.0025,0.0079
Testing/glioma/Te-gl_316.jpg,glioma,glioma,1,1,1,0.9999,0.9994,0.9994,0.0004,0.0001,0.0001
Testing/glioma/Te-gl_317.jpg,glioma,glioma,1,1,1,0.9999,0.9998,0.9998,0.0001,0.0001,0.0
Testing/glioma/Te-gl_318.jpg,glioma,notumor,0,1,0,0.0004,0.9996,0.0002,0.0,0.9996,0.0001
Testing/glioma/Te-gl_319.jpg,glioma,glioma,1,1,1,1.0,0.9999,0.9999,0.0,0.0,0.0
Testing/glioma/Te-gl_32.jpg,glioma,meningioma,0,1,1,0.9919,0.9736,0.0045,0.9736,0.0081,0.0137
Testing/glioma/Te-gl_320.jpg,glioma,glioma,1,1,1,0.9989,0.9959,0.9959,0.0024,0.0011,0.0006
Testing/glioma/Te-gl_321.jpg,glioma,glioma,1,1,1,0.9999,0.9969,0.9969,0.0028,0.0001,0.0002
Testing/glioma/Te-gl_322.jpg,glioma,glioma,1,1,1,1.0,0.9999,0.9999,0.0,0.0,0.0
Testing/glioma/Te-gl_323.jpg,glioma,pituitary,0,1,1,0.724,0.3835,0.0974,0.2431,0.276,0.3835
Testing/glioma/Te-gl_324.jpg,glioma,glioma,1,1,1,1.0,0.9999,0.9999,0.0,0.0,0.0001
Testing/glioma/Te-gl_325.jpg,glioma,glioma,1,1,1,1.0,0.9999,0.9999,0.0,0.0,0.0
Testing/glioma/Te-gl_326.jpg,glioma,glioma,1,1,1,0.9999,0.9998,0.9998,0.0001,0.0001,0.0
Testing/glioma/Te-gl_327.jpg,glioma,glioma,1,1,1,1.0,1.0,1.0,0.0,0.0,0.0
Testing/glioma/Te-gl_328.jpg,glioma,glioma,1,1,1,0.9999,0.9996,0.9996,0.0001,0.0001,0.0001
Testing/glioma/Te-gl_329.jpg,glioma,glioma,1,1,1,0.9969,0.9887,0.9887,0.0074,0.0031,0.0008
Testing/glioma/Te-gl_33.jpg,glioma,glioma,1,1,1,1.0,1.0,1.0,0.0,0.0,0.0
Testing/glioma/Te-gl_330.jpg,glioma,notumor,0,1,0,0.4518,0.5482,0.1227,0.0437,0.5482,0.2853
Testing/glioma/Te-gl_331.jpg,glioma,glioma,1,1,1,0.9999,0.9991,0.9991,0.0001,0.0001,0.0006
Testing/glioma/Te-gl_332.jpg,glioma,glioma,1,1,1,1.0,1.0,1.0,0.0,0.0,0.0
Testing/glioma/Te-gl_333.jpg,glioma,glioma,1,1,1,1.0,0.9999,0.9999,0.0,0.0,0.0
Testing/glioma/Te-gl_334.jpg,glioma,glioma,1,1,1,0.9997,0.9971,0.9971,0.0013,0.0003,0.0012
Testing/glioma/Te-gl_335.jpg,glioma,meningioma,0,1,1,0.991,0.9734,0.0012,0.9734,0.009,0.0164
Testing/glioma/Te-gl_336.jpg,glioma,glioma,1,1,1,0.9999,0.9998,0.9998,0.0001,0.0001,0.0001
Testing/glioma/Te-gl_337.jpg,glioma,glioma,1,1,1,0.9998,0.9981,0.9981,0.0015,0.0002,0.0001
Testing/glioma/Te-gl_339.jpg,glioma,glioma,1,1,1,0.9999,0.9998,0.9998,0.0001,0.0001,0.0001
Testing/glioma/Te-gl_34.jpg,glioma,glioma,1,1,1,0.9999,0.9996,0.9996,0.0001,0.0001,0.0002
Testing/glioma/Te-gl_340.jpg,glioma,glioma,1,1,1,0.9986,0.9953,0.9953,0.0027,0.0014,0.0006
Testing/glioma/Te-gl_341.jpg,glioma,notumor,0,1,0,0.0,1.0,0.0,0.0,1.0,0.0
Testing/glioma/Te-gl_342.jpg,glioma,glioma,1,1,1,0.9999,0.9998,0.9998,0.0,0.0001,0.0001
Testing/glioma/Te-gl_343.jpg,glioma,glioma,1,1,1,0.9998,0.9991,0.9991,0.0004,0.0002,0.0002
Testing/glioma/Te-gl_344.jpg,glioma,glioma,1,1,1,0.9999,0.9989,0.9989,0.0001,0.0001,0.001
Testing/glioma/Te-gl_345.jpg,glioma,glioma,1,1,1,1.0,1.0,1.0,0.0,0.0,0.0
Testing/glioma/Te-gl_346.jpg,glioma,glioma,1,1,1,1.0,0.9999,0.9999,0.0,0.0,0.0
Testing/glioma/Te-gl_347.jpg,glioma,glioma,1,1,1,0.9998,0.9996,0.9996,0.0001,0.0002,0.0001
Testing/glioma/Te-gl_348.jpg,glioma,glioma,1,1,1,1.0,0.9999,0.9999,0.0,0.0,0.0
Testing/glioma/Te-gl_349.jpg,glioma,notumor,0,1,0,0.3051,0.6949,0.008,0.0105,0.6949,0.2866
Testing/glioma/Te-gl_35.jpg,glioma,glioma,1,1,1,0.9999,0.9998,0.9998,0.0001,0.0001,0.0001
Testing/glioma/Te-gl_350.jpg,glioma,notumor,0,1,0,0.1679,0.8321,0.0014,0.1635,0.8321,0.003
Testing/glioma/Te-gl_351.jpg,glioma,meningioma,0,1,1,0.986,0.9854,0.0005,0.9854,0.014,0.0001
Testing/glioma/Te-gl_352.jpg,glioma,glioma,1,1,1,1.0,0.9999,0.9999,0.0,0.0,0.0
Testing/glioma/Te-gl_353.jpg,glioma,glioma,1,1,1,1.0,0.9999,0.9999,0.0,0.0,0.0
Testing/glioma/Te-gl_354.jpg,glioma,glioma,1,1,1,0.9999,0.9958,0.9958,0.0,0.0001,0.0041
Testing/glioma/Te-gl_355.jpg,glioma,glioma,1,1,1,1.0,0.9999,0.9999,0.0,0.0,0.0
Testing/glioma/Te-gl_356.jpg,glioma,glioma,1,1,1,0.9998,0.9997,0.9997,0.0001,0.0002,0.0001
Testing/glioma/Te-gl_357.jpg,glioma,glioma,1,1,1,0.9994,0.9984,0.9984,0.0006,0.0006,0.0004
Testing/glioma/Te-gl_358.jpg,glioma,notumor,0,1,0,0.0002,0.9998,0.0,0.0,0.9998,0.0001
Testing/glioma/Te-gl_360.jpg,glioma,glioma,1,1,1,1.0,0.9999,0.9999,0.0,0.0,0.0
Testing/glioma/Te-gl_361.jpg,glioma,glioma,1,1,1,1.0,0.9999,0.9999,0.0,0.0,0.0
Testing/glioma/Te-gl_362.jpg,glioma,glioma,1,1,1,0.9999,0.9998,0.9998,0.0001,0.0001,0.0001
Testing/glioma/Te-gl_363.jpg,glioma,glioma,1,1,1,1.0,0.9999,0.9999,0.0,0.0,0.0
Testing/glioma/Te-gl_365.jpg,glioma,glioma,1,1,1,0.9999,0.9998,0.9998,0.0001,0.0001,0.0001
Testing/glioma/Te-gl_366.jpg,glioma,glioma,1,1,1,0.9999,0.9998,0.9998,0.0001,0.0001,0.0001
Testing/glioma/Te-gl_367.jpg,glioma,glioma,1,1,1,1.0,0.9999,0.9999,0.0,0.0,0.0
Testing/glioma/Te-gl_368.jpg,glioma,glioma,1,1,1,1.0,0.9999,0.9999,0.0,0.0,0.0
Testing/glioma/Te-gl_369.jpg,glioma,glioma,1,1,1,0.9999,0.9998,0.9998,0.0001,0.0001,0.0001
Testing/glioma/Te-gl_37.jpg,glioma,glioma,1,1,1,1.0,1.0,1.0,0.0,0.0,0.0
Testing/glioma/Te-gl_370.jpg,glioma,glioma,1,1,1,0.9999,0.9993,0.9993,0.0005,0.0001,0.0002
Testing/glioma/Te-gl_371.jpg,glioma,glioma,1,1,1,0.9999,0.9998,0.9998,0.0001,0.0001,0.0001
Testing/glioma/Te-gl_372.jpg,glioma,notumor,0,1,0,0.0044,0.9956,0.0006,0.0034,0.9956,0.0004
Testing/glioma/Te-gl_373.jpg,glioma,glioma,1,1,1,1.0,1.0,1.0,0.0,0.0,0.0
Testing/glioma/Te-gl_374.jpg,glioma,glioma,1,1,1,1.0,0.9999,0.9999,0.0,0.0,0.0
Testing/glioma/Te-gl_375.jpg,glioma,glioma,1,1,1,0.9999,0.9994,0.9994,0.0004,0.0001,0.0001
Testing/glioma/Te-gl_376.jpg,glioma,glioma,1,1,1,0.9998,0.9997,0.9997,0.0001,0.0002,0.0
Testing/glioma/Te-gl_377.jpg,glioma,glioma,1,1,1,1.0,0.9998,0.9998,0.0001,0.0,0.0
Testing/glioma/Te-gl_378.jpg,glioma,glioma,1,1,1,0.9999,0.9998,0.9998,0.0001,0.0001,0.0001
Testing/glioma/Te-gl_379.jpg,glioma,glioma,1,1,1,0.9998,0.9995,0.9995,0.0002,0.0002,0.0001
Testing/glioma/Te-gl_38.jpg,glioma,glioma,1,1,1,0.9999,0.9994,0.9994,0.0003,0.0001,0.0002
Testing/glioma/Te-gl_380.jpg,glioma,glioma,1,1,1,1.0,0.9999,0.9999,0.0,0.0,0.0
Testing/glioma/Te-gl_381.jpg,glioma,glioma,1,1,1,0.9995,0.9936,0.9936,0.0056,0.0005,0.0003
Testing/glioma/Te-gl_382.jpg,glioma,glioma,1,1,1,0.9996,0.999,0.999,0.0004,0.0004,0.0002
Testing/glioma/Te-gl_383.jpg,glioma,glioma,1,1,1,1.0,1.0,1.0,0.0,0.0,0.0
Testing/glioma/Te-gl_384.jpg,glioma,glioma,1,1,1,1.0,0.9999,0.9999,0.0,0.0,0.0
Testing/glioma/Te-gl_385.jpg,glioma,glioma,1,1,1,1.0,0.9999,0.9999,0.0,0.0,0.0
Testing/glioma/Te-gl_386.jpg,glioma,glioma,1,1,1,0.9998,0.9989,0.9989,0.0007,0.0002,0.0002
Testing/glioma/Te-gl_387.jpg,glioma,glioma,1,1,1,1.0,0.9999,0.9999,0.0,0.0,0.0
Testing/glioma/Te-gl_388.jpg,glioma,glioma,1,1,1,0.9999,0.9998,0.9998,0.0001,0.0001,0.0001
Testing/glioma/Te-gl_39.jpg,glioma,meningioma,0,1,1,0.6673,0.6566,0.0033,0.6566,0.3327,0.0074
Testing/glioma/Te-gl_390.jpg,glioma,glioma,1,1,1,1.0,0.9999,0.9999,0.0,0.0,0.0
Testing/glioma/Te-gl_391.jpg,glioma,notumor,0,1,0,0.0202,0.9798,0.0012,0.0161,0.9798,0.0028
Testing/glioma/Te-gl_392.jpg,glioma,glioma,1,1,1,1.0,0.9999,0.9999,0.0,0.0,0.0
Testing/glioma/Te-gl_393.jpg,glioma,glioma,1,1,1,1.0,0.9999,0.9999,0.0001,0.0,0.0
Testing/glioma/Te-gl_394.jpg,glioma,glioma,1,1,1,0.9991,0.9755,0.9755,0.0005,0.0009,0.023
Testing/glioma/Te-gl_395.jpg,glioma,glioma,1,1,1,0.9999,0.9995,0.9995,0.0003,0.0001,0.0
Testing/glioma/Te-gl_396.jpg,glioma,glioma,1,1,1,0.9999,0.9998,0.9998,0.0001,0.0001,0.0001
Testing/glioma/Te-gl_397.jpg,glioma,glioma,1,1,1,1.0,0.9999,0.9999,0.0001,0.0,0.0
Testing/glioma/Te-gl_398.jpg,glioma,glioma,1,1,1,1.0,0.9999,0.9999,0.0,0.0,0.0
Testing/glioma/Te-gl_399.jpg,glioma,glioma,1,1,1,0.998,0.927,0.927,0.0698,0.002,0.0013
Testing/glioma/Te-gl_4.jpg,glioma,glioma,1,1,1,1.0,0.9998,0.9998,0.0002,0.0,0.0
Testing/glioma/Te-gl_40.jpg,glioma,glioma,1,1,1,0.9999,0.9992,0.9992,0.0007,0.0001,0.0
Testing/glioma/Te-gl_400.jpg,glioma,glioma,1,1,1,1.0,0.9999,0.9999,0.0,0.0,0.0
Testing/glioma/Te-gl_41.jpg,glioma,glioma,1,1,1,1.0,0.9999,0.9999,0.0,0.0,0.0
Testing/glioma/Te-gl_42.jpg,glioma,glioma,1,1,1,0.9998,0.9973,0.9973,0.0002,0.0002,0.0023
Testing/glioma/Te-gl_43.jpg,glioma,meningioma,0,1,1,0.7102,0.6121,0.0047,0.6121,0.2898,0.0935
Testing/glioma/Te-gl_44.jpg,glioma,glioma,1,1,1,1.0,0.9999,0.9999,0.0,0.0,0.0
Testing/glioma/Te-gl_45.jpg,glioma,glioma,1,1,1,0.998,0.9627,0.9627,0.0335,0.002,0.0019
Testing/glioma/Te-gl_46.jpg,glioma,glioma,1,1,1,1.0,1.0,1.0,0.0,0.0,0.0
Testing/glioma/Te-gl_47.jpg,glioma,notumor,0,1,0,0.1455,0.8545,0.031,0.087,0.8545,0.0275
Testing/glioma/Te-gl_48.jpg,glioma,glioma,1,1,1,1.0,0.9999,0.9999,0.0,0.0,0.0
Testing/glioma/Te-gl_49.jpg,glioma,glioma,1,1,1,0.9998,0.9995,0.9995,0.0002,0.0002,0.0001
Testing/glioma/Te-gl_5.jpg,glioma,glioma,1,1,1,1.0,0.9999,0.9999,0.0,0.0,0.0
Testing/glioma/Te-gl_50.jpg,glioma,glioma,1,1,1,1.0,0.9999,0.9999,0.0,0.0,0.0
Testing/glioma/Te-gl_51.jpg,glioma,glioma,1,1,1,0.9999,0.9993,0.9993,0.0002,0.0001,0.0003
Testing/glioma/Te-gl_52.jpg,glioma,glioma,1,1,1,1.0,1.0,1.0,0.0,0.0,0.0
Testing/glioma/Te-gl_53.jpg,glioma,meningioma,0,1,1,0.6045,0.6007,0.0006,0.6007,0.3955,0.0032
Testing/glioma/Te-gl_54.jpg,glioma,glioma,1,1,1,0.9999,0.9998,0.9998,0.0001,0.0001,0.0
Testing/glioma/Te-gl_55.jpg,glioma,glioma,1,1,1,0.9999,0.9998,0.9998,0.0,0.0001,0.0001
Testing/glioma/Te-gl_56.jpg,glioma,glioma,1,1,1,0.9999,0.9981,0.9981,0.0017,0.0001,0.0
Testing/glioma/Te-gl_57.jpg,glioma,glioma,1,1,1,0.9998,0.9993,0.9993,0.0003,0.0002,0.0001
Testing/glioma/Te-gl_58.jpg,glioma,notumor,0,1,0,0.3482,0.6518,0.001,0.3448,0.6518,0.0024
Testing/glioma/Te-gl_6.jpg,glioma,glioma,1,1,1,1.0,1.0,1.0,0.0,0.0,0.0
Testing/glioma/Te-gl_60.jpg,glioma,glioma,1,1,1,1.0,0.9999,0.9999,0.0,0.0,0.0
Testing/glioma/Te-gl_61.jpg,glioma,glioma,1,1,1,1.0,0.9999,0.9999,0.0,0.0,0.0
Testing/glioma/Te-gl_62.jpg,glioma,notumor,0,1,0,0.4144,0.5856,0.0015,0.412,0.5856,0.0008
Testing/glioma/Te-gl_63.jpg,glioma,glioma,1,1,1,0.9999,0.9998,0.9998,0.0001,0.0001,0.0001
Testing/glioma/Te-gl_64.jpg,glioma,glioma,1,1,1,0.9999,0.9998,0.9998,0.0,0.0001,0.0001
Testing/glioma/Te-gl_65.jpg,glioma,glioma,1,1,1,0.9998,0.9985,0.9985,0.0012,0.0002,0.0002
Testing/glioma/Te-gl_66.jpg,glioma,meningioma,0,1,1,0.5769,0.4529,0.047,0.4529,0.4231,0.0769
Testing/glioma/Te-gl_67.jpg,glioma,glioma,1,1,1,0.9999,0.9994,0.9994,0.0001,0.0001,0.0003
Testing/glioma/Te-gl_68.jpg,glioma,meningioma,0,1,1,0.9999,0.9998,0.0001,0.9998,0.0001,0.0001
Testing/glioma/Te-gl_69.jpg,glioma,glioma,1,1,1,0.9999,0.9998,0.9998,0.0001,0.0001,0.0001
Testing/glioma/Te-gl_7.jpg,glioma,glioma,1,1,1,1.0,1.0,1.0,0.0,0.0,0.0
Testing/glioma/Te-gl_70.jpg,glioma,glioma,1,1,1,1.0,0.9999,0.9999,0.0001,0.0,0.0
Testing/glioma/Te-gl_71.jpg,glioma,glioma,1,1,1,1.0,0.9999,0.9999,0.0,0.0,0.0
Testing/glioma/Te-gl_73.jpg,glioma,glioma,1,1,1,0.9997,0.9958,0.9958,0.0033,0.0003,0.0006
Testing/glioma/Te-gl_74.jpg,glioma,notumor,0,1,0,0.0011,0.9989,0.0002,0.0001,0.9989,0.0008
Testing/glioma/Te-gl_75.jpg,glioma,glioma,1,1,1,0.9999,0.9998,0.9998,0.0001,0.0001,0.0001
Testing/glioma/Te-gl_76.jpg,glioma,meningioma,0,1,1,1.0,0.9999,0.0001,0.9999,0.0,0.0
Testing/glioma/Te-gl_77.jpg,glioma,glioma,1,1,1,1.0,0.9999,0.9999,0.0,0.0,0.0
Testing/glioma/Te-gl_78.jpg,glioma,notumor,0,1,0,0.0001,0.9999,0.0,0.0,0.9999,0.0
Testing/glioma/Te-gl_79.jpg,glioma,glioma,1,1,1,0.9998,0.9981,0.9981,0.0016,0.0002,0.0001
Testing/glioma/Te-gl_8.jpg,glioma,glioma,1,1,1,1.0,0.9999,0.9999,0.0,0.0,0.0
Testing/glioma/Te-gl_80.jpg,glioma,glioma,1,1,1,0.9998,0.9995,0.9995,0.0001,0.0002,0.0002
Testing/glioma/Te-gl_81.jpg,glioma,glioma,1,1,1,1.0,0.9999,0.9999,0.0,0.0,0.0
Testing/glioma/Te-gl_82.jpg,glioma,glioma,1,1,1,0.9951,0.8977,0.8977,0.0867,0.0049,0.0107
Testing/glioma/Te-gl_83.jpg,glioma,glioma,1,1,1,1.0,0.9999,0.9999,0.0,0.0,0.0
Testing/glioma/Te-gl_84.jpg,glioma,meningioma,0,1,1,0.9717,0.9704,0.0008,0.9704,0.0283,0.0005
Testing/glioma/Te-gl_86.jpg,glioma,meningioma,0,1,1,0.915,0.8672,0.0435,0.8672,0.085,0.0044
Testing/glioma/Te-gl_87.jpg,glioma,glioma,1,1,1,0.9999,0.9981,0.9981,0.0016,0.0001,0.0002
Testing/glioma/Te-gl_88.jpg,glioma,glioma,1,1,1,1.0,0.9998,0.9998,0.0001,0.0,0.0001
Testing/glioma/Te-gl_89.jpg,glioma,glioma,1,1,1,0.9999,0.9999,0.9999,0.0,0.0001,0.0001
Testing/glioma/Te-gl_9.jpg,glioma,glioma,1,1,1,1.0,0.9999,0.9999,0.0,0.0,0.0
Testing/glioma/Te-gl_90.jpg,glioma,glioma,1,1,1,0.9997,0.9991,0.9991,0.0001,0.0003,0.0006
Testing/glioma/Te-gl_91.jpg,glioma,glioma,1,1,1,0.9997,0.9978,0.9978,0.0017,0.0003,0.0001
Testing/glioma/Te-gl_92.jpg,glioma,glioma,1,1,1,1.0,0.9999,0.9999,0.0001,0.0,0.0
Testing/glioma/Te-gl_93.jpg,glioma,glioma,1,1,1,0.9999,0.9993,0.9993,0.0005,0.0001,0.0001
Testing/glioma/Te-gl_94.jpg,glioma,glioma,1,1,1,0.9986,0.9802,0.9802,0.0025,0.0014,0.0159
Testing/glioma/Te-gl_95.jpg,glioma,glioma,1,1,1,1.0,0.9999,0.9999,0.0,0.0,0.0
Testing/glioma/Te-gl_96.jpg,glioma,glioma,1,1,1,0.9984,0.9846,0.9846,0.0123,0.0016,0.0016
Testing/glioma/Te-gl_97.jpg,glioma,notumor,0,1,0,0.0131,0.9869,0.0007,0.0122,0.9869,0.0002
Testing/glioma/Te-gl_98.jpg,glioma,glioma,1,1,1,1.0,0.9999,0.9999,0.0,0.0,0.0
Testing/glioma/Te-gl_99.jpg,glioma,glioma,1,1,1,1.0,1.0,1.0,0.0,0.0,0.0
Testing/meningioma/Te-aug-me_1.jpg,meningioma,meningioma,1,1,1,1.0,0.9999,0.0001,0.9999,0.0,0.0001
Testing/meningioma/Te-aug-me_10.jpg,meningioma,meningioma,1,1,1,0.9998,0.9994,0.0002,0.9994,0.0002,0.0002
Testing/meningioma/Te-aug-me_100.jpg,meningioma,meningioma,1,1,1,0.9999,0.9997,0.0002,0.9997,0.0001,0.0001
Testing/meningioma/Te-aug-me_101.jpg,meningioma,meningioma,1,1,1,0.9999,0.9999,0.0,0.9999,0.0001,0.0
Testing/meningioma/Te-aug-me_102.jpg,meningioma,meningioma,1,1,1,0.9981,0.941,0.0549,0.941,0.0019,0.0022
Testing/meningioma/Te-aug-me_103.jpg,meningioma,meningioma,1,1,1,1.0,1.0,0.0,1.0,0.0,0.0
Testing/meningioma/Te-aug-me_11.jpg,meningioma,meningioma,1,1,1,0.9994,0.9972,0.0017,0.9972,0.0006,0.0005
Testing/meningioma/Te-aug-me_12.jpg,meningioma,meningioma,1,1,1,0.9997,0.9993,0.0003,0.9993,0.0003,0.0002
Testing/meningioma/Te-aug-me_13.jpg,meningioma,meningioma,1,1,1,0.9934,0.9765,0.0151,0.9765,0.0066,0.0018
Testing/meningioma/Te-aug-me_14.jpg,meningioma,meningioma,1,1,1,0.9598,0.729,0.0047,0.729,0.0402,0.2261
Testing/meningioma/Te-aug-me_15.jpg,meningioma,meningioma,1,1,1,0.9999,0.9997,0.0002,0.9997,0.0001,0.0001
Testing/meningioma/Te-aug-me_16.jpg,meningioma,glioma,0,1,1,0.9945,0.6956,0.6956,0.2911,0.0055,0.0078
Testing/meningioma/Te-aug-me_17.jpg,meningioma,meningioma,1,1,1,0.9999,0.9995,0.0003,0.9995,0.0001,0.0001
Testing/meningioma/Te-aug-me_18.jpg,meningioma,meningioma,1,1,1,0.9999,0.9996,0.0002,0.9996,0.0001,0.0001
Testing/meningioma/Te-aug-me_19.jpg,meningioma,meningioma,1,1,1,0.9998,0.9992,0.0001,0.9992,0.0002,0.0005
Testing/meningioma/Te-aug-me_2.jpg,meningioma,meningioma,1,1,1,0.9991,0.9129,0.0854,0.9129,0.0009,0.0008
Testing/meningioma/Te-aug-me_20.jpg,meningioma,meningioma,1,1,1,0.9996,0.9992,0.0004,0.9992,0.0004,0.0001
Testing/meningioma/Te-aug-me_21.jpg,meningioma,meningioma,1,1,1,0.9999,0.9986,0.0011,0.9986,0.0001,0.0002
Testing/meningioma/Te-aug-me_22.jpg,meningioma,meningioma,1,1,1,1.0,0.9999,0.0001,0.9999,0.0,0.0
Testing/meningioma/Te-aug-me_23.jpg,meningioma,meningioma,1,1,1,0.9999,0.9998,0.0001,0.9998,0.0001,0.0001
Testing/meningioma/Te-aug-me_24.jpg,meningioma,meningioma,1,1,1,0.9999,0.9997,0.0001,0.9997,0.0001,0.0001
Testing/meningioma/Te-aug-me_25.jpg,meningioma,meningioma,1,1,1,0.9997,0.9976,0.0018,0.9976,0.0003,0.0003
Testing/meningioma/Te-aug-me_26.jpg,meningioma,meningioma,1,1,1,0.9999,0.9997,0.0001,0.9997,0.0001,0.0001
Testing/meningioma/Te-aug-me_27.jpg,meningioma,meningioma,1,1,1,0.9896,0.9655,0.0195,0.9655,0.0104,0.0046
Testing/meningioma/Te-aug-me_28.jpg,meningioma,meningioma,1,1,1,0.9988,0.9874,0.0105,0.9874,0.0012,0.001
Testing/meningioma/Te-aug-me_29.jpg,meningioma,meningioma,1,1,1,0.9992,0.9953,0.0002,0.9953,0.0008,0.0037
Testing/meningioma/Te-aug-me_3.jpg,meningioma,meningioma,1,1,1,1.0,0.9998,0.0002,0.9998,0.0,0.0
Testing/meningioma/Te-aug-me_30.jpg,meningioma,meningioma,1,1,1,1.0,1.0,0.0,1.0,0.0,0.0
Testing/meningioma/Te-aug-me_31.jpg,meningioma,meningioma,1,1,1,1.0,0.9998,0.0001,0.9998,0.0,0.0
Testing/meningioma/Te-aug-me_32.jpg,meningioma,meningioma,1,1,1,1.0,0.9999,0.0,0.9999,0.0,0.0
Testing/meningioma/Te-aug-me_33.jpg,meningioma,meningioma,1,1,1,0.9999,0.9997,0.0001,0.9997,0.0001,0.0001
Testing/meningioma/Te-aug-me_34.jpg,meningioma,meningioma,1,1,1,0.9998,0.985,0.0143,0.985,0.0002,0.0005
Testing/meningioma/Te-aug-me_35.jpg,meningioma,meningioma,1,1,1,0.9955,0.7988,0.0156,0.7988,0.0045,0.1811
Testing/meningioma/Te-aug-me_36.jpg,meningioma,meningioma,1,1,1,1.0,0.9999,0.0,0.9999,0.0,0.0001
Testing/meningioma/Te-aug-me_37.jpg,meningioma,meningioma,1,1,1,0.9873,0.6424,0.3422,0.6424,0.0127,0.0027
Testing/meningioma/Te-aug-me_38.jpg,meningioma,meningioma,1,1,1,0.9974,0.9604,0.0127,0.9604,0.0026,0.0243
Testing/meningioma/Te-aug-me_39.jpg,meningioma,meningioma,1,1,1,0.9999,0.9998,0.0001,0.9998,0.0001,0.0
Testing/meningioma/Te-aug-me_4.jpg,meningioma,meningioma,1,1,1,0.9999,0.9997,0.0,0.9997,0.0001,0.0001
Testing/meningioma/Te-aug-me_40.jpg,meningioma,meningioma,1,1,1,0.999,0.9984,0.0005,0.9984,0.001,0.0001
Testing/meningioma/Te-aug-me_41.jpg,meningioma,meningioma,1,1,1,0.9999,0.9997,0.0001,0.9997,0.0001,0.0001
Testing/meningioma/Te-aug-me_42.jpg,meningioma,meningioma,1,1,1,1.0,0.9999,0.0,0.9999,0.0,0.0
Testing/meningioma/Te-aug-me_43.jpg,meningioma,meningioma,1,1,1,0.9996,0.9973,0.0017,0.9973,0.0004,0.0006
Testing/meningioma/Te-aug-me_44.jpg,meningioma,meningioma,1,1,1,0.9998,0.9997,0.0001,0.9997,0.0002,0.0001
Testing/meningioma/Te-aug-me_45.jpg,meningioma,meningioma,1,1,1,1.0,0.9998,0.0001,0.9998,0.0,0.0
Testing/meningioma/Te-aug-me_46.jpg,meningioma,meningioma,1,1,1,0.9986,0.9967,0.0008,0.9967,0.0014,0.0011
Testing/meningioma/Te-aug-me_47.jpg,meningioma,meningioma,1,1,1,0.9996,0.9994,0.0001,0.9994,0.0004,0.0001
Testing/meningioma/Te-aug-me_48.jpg,meningioma,meningioma,1,1,1,1.0,0.9999,0.0,0.9999,0.0,0.0001
Testing/meningioma/Te-aug-me_49.jpg,meningioma,meningioma,1,1,1,0.9999,0.9997,0.0001,0.9997,0.0001,0.0001
Testing/meningioma/Te-aug-me_5.jpg,meningioma,meningioma,1,1,1,1.0,1.0,0.0,1.0,0.0,0.0
Testing/meningioma/Te-aug-me_50.jpg,meningioma,glioma,0,1,1,0.9887,0.7882,0.7882,0.1868,0.0113,0.0137
Testing/meningioma/Te-aug-me_51.jpg,meningioma,meningioma,1,1,1,0.9999,0.9998,0.0001,0.9998,0.0001,0.0001
Testing/meningioma/Te-aug-me_52.jpg,meningioma,meningioma,1,1,1,0.9973,0.9708,0.0049,0.9708,0.0027,0.0216
Testing/meningioma/Te-aug-me_53.jpg,meningioma,meningioma,1,1,1,0.9999,0.9996,0.0002,0.9996,0.0001,0.0
Testing/meningioma/Te-aug-me_54.jpg,meningioma,meningioma,1,1,1,0.9999,0.9997,0.0001,0.9997,0.0001,0.0001
Testing/meningioma/Te-aug-me_55.jpg,meningioma,meningioma,1,1,1,0.9977,0.9511,0.0447,0.9511,0.0023,0.0019
Testing/meningioma/Te-aug-me_56.jpg,meningioma,meningioma,1,1,1,0.9997,0.9974,0.002,0.9974,0.0003,0.0003
Testing/meningioma/Te-aug-me_57.jpg,meningioma,meningioma,1,1,1,0.9999,0.9998,0.0001,0.9998,0.0001,0.0001
Testing/meningioma/Te-aug-me_58.jpg,meningioma,pituitary,0,1,1,0.6825,0.4376,0.1106,0.1343,0.3175,0.4376
Testing/meningioma/Te-aug-me_59.jpg,meningioma,meningioma,1,1,1,0.9994,0.9703,0.0288,0.9703,0.0006,0.0003
Testing/meningioma/Te-aug-me_6.jpg,meningioma,glioma,0,1,1,0.8594,0.4949,0.4949,0.3554,0.1406,0.0091
Testing/meningioma/Te-aug-me_60.jpg,meningioma,meningioma,1,1,1,0.9989,0.9928,0.0026,0.9928,0.0011,0.0035
Testing/meningioma/Te-aug-me_61.jpg,meningioma,meningioma,1,1,1,0.9998,0.9992,0.0005,0.9992,0.0002,0.0001
Testing/meningioma/Te-aug-me_62.jpg,meningioma,meningioma,1,1,1,1.0,0.9998,0.0001,0.9998,0.0,0.0
Testing/meningioma/Te-aug-me_63.jpg,meningioma,meningioma,1,1,1,1.0,0.9998,0.0001,0.9998,0.0,0.0001
Testing/meningioma/Te-aug-me_64.jpg,meningioma,meningioma,1,1,1,0.9992,0.9972,0.0004,0.9972,0.0008,0.0015
Testing/meningioma/Te-aug-me_65.jpg,meningioma,meningioma,1,1,1,0.9995,0.9983,0.0004,0.9983,0.0005,0.0007
Testing/meningioma/Te-aug-me_66.jpg,meningioma,meningioma,1,1,1,0.9999,0.9997,0.0001,0.9997,0.0001,0.0001
Testing/meningioma/Te-aug-me_67.jpg,meningioma,meningioma,1,1,1,0.9987,0.9941,0.0008,0.9941,0.0013,0.0038
Testing/meningioma/Te-aug-me_68.jpg,meningioma,meningioma,1,1,1,1.0,0.9999,0.0001,0.9999,0.0,0.0
Testing/meningioma/Te-aug-me_69.jpg,meningioma,pituitary,0,1,1,0.8509,0.525,0.097,0.2289,0.1491,0.525
Testing/meningioma/Te-aug-me_7.jpg,meningioma,meningioma,1,1,1,0.9892,0.9526,0.0011,0.9526,0.0108,0.0355
Testing/meningioma/Te-aug-me_70.jpg,meningioma,meningioma,1,1,1,0.9997,0.9984,0.001,0.9984,0.0003,0.0003
Testing/meningioma/Te-aug-me_71.jpg,meningioma,meningioma,1,1,1,0.9994,0.9974,0.0004,0.9974,0.0006,0.0016
Testing/meningioma/Te-aug-me_72.jpg,meningioma,meningioma,1,1,1,0.9999,0.9997,0.0,0.9997,0.0001,0.0001
Testing/meningioma/Te-aug-me_73.jpg,meningioma,meningioma,1,1,1,0.9999,0.9988,0.0009,0.9988,0.0001,0.0002
Testing/meningioma/Te-aug-me_74.jpg,meningioma,meningioma,1,1,1,1.0,0.9999,0.0,0.9999,0.0,0.0
Testing/meningioma/Te-aug-me_75.jpg,meningioma,meningioma,1,1,1,0.9931,0.9777,0.0041,0.9777,0.0069,0.0114
Testing/meningioma/Te-aug-me_76.jpg,meningioma,meningioma,1,1,1,1.0,0.9999,0.0,0.9999,0.0,0.0
Testing/meningioma/Te-aug-me_77.jpg,meningioma,meningioma,1,1,1,1.0,0.9999,0.0,0.9999,0.0,0.0
Testing/meningioma/Te-aug-me_78.jpg,meningioma,glioma,0,1,1,0.9968,0.9649,0.9649,0.0308,0.0032,0.0011
Testing/meningioma/Te-aug-me_79.jpg,meningioma,meningioma,1,1,1,1.0,0.9999,0.0,0.9999,0.0,0.0001
Testing/meningioma/Te-aug-me_8.jpg,meningioma,meningioma,1,1,1,0.9999,0.9996,0.0002,0.9996,0.0001,0.0001
Testing/meningioma/Te-aug-me_80.jpg,meningioma,meningioma,1,1,1,0.9999,0.9996,0.0001,0.9996,0.0001,0.0002
Testing/meningioma/Te-aug-me_81.jpg,meningioma,meningioma,1,1,1,0.9999,0.9925,0.0071,0.9925,0.0001,0.0003
Testing/meningioma/Te-aug-me_82.jpg,meningioma,meningioma,1,1,1,0.9999,0.9999,0.0,0.9999,0.0001,0.0
Testing/meningioma/Te-aug-me_83.jpg,meningioma,meningioma,1,1,1,0.9999,0.9996,0.0001,0.9996,0.0001,0.0002
Testing/meningioma/Te-aug-me_84.jpg,meningioma,meningioma,1,1,1,0.9999,0.9999,0.0,0.9999,0.0001,0.0
Testing/meningioma/Te-aug-me_85.jpg,meningioma,meningioma,1,1,1,0.9965,0.9916,0.0017,0.9916,0.0035,0.0033
Testing/meningioma/Te-aug-me_86.jpg,meningioma,meningioma,1,1,1,1.0,0.9999,0.0001,0.9999,0.0,0.0
Testing/meningioma/Te-aug-me_87.jpg,meningioma,meningioma,1,1,1,0.9999,0.9995,0.0001,0.9995,0.0001,0.0003
Testing/meningioma/Te-aug-me_88.jpg,meningioma,meningioma,1,1,1,0.9999,0.9996,0.0003,0.9996,0.0001,0.0001
Testing/meningioma/Te-aug-me_89.jpg,meningioma,meningioma,1,1,1,0.9999,0.9999,0.0,0.9999,0.0001,0.0
Testing/meningioma/Te-aug-me_9.jpg,meningioma,meningioma,1,1,1,0.9991,0.9817,0.001,0.9817,0.0009,0.0164
Testing/meningioma/Te-aug-me_90.jpg,meningioma,meningioma,1,1,1,1.0,0.9998,0.0001,0.9998,0.0,0.0001
Testing/meningioma/Te-aug-me_91.jpg,meningioma,pituitary,0,1,1,0.929,0.6634,0.0145,0.2511,0.071,0.6634
Testing/meningioma/Te-aug-me_92.jpg,meningioma,meningioma,1,1,1,0.9874,0.77,0.2101,0.77,0.0126,0.0072
Testing/meningioma/Te-aug-me_93.jpg,meningioma,meningioma,1,1,1,0.9991,0.9987,0.0002,0.9987,0.0009,0.0002
Testing/meningioma/Te-aug-me_94.jpg,meningioma,meningioma,1,1,1,1.0,0.9999,0.0,0.9999,0.0,0.0
Testing/meningioma/Te-aug-me_95.jpg,meningioma,meningioma,1,1,1,0.9998,0.9995,0.0001,0.9995,0.0002,0.0002
Testing/meningioma/Te-aug-me_96.jpg,meningioma,meningioma,1,1,1,0.998,0.9913,0.0017,0.9913,0.002,0.005
Testing/meningioma/Te-aug-me_97.jpg,meningioma,meningioma,1,1,1,1.0,0.9999,0.0,0.9999,0.0,0.0
Testing/meningioma/Te-aug-me_98.jpg,meningioma,meningioma,1,1,1,0.9702,0.5696,0.3979,0.5696,0.0298,0.0026
Testing/meningioma/Te-aug-me_99.jpg,meningioma,meningioma,1,1,1,0.9999,0.9993,0.0003,0.9993,0.0001,0.0003
Testing/meningioma/Te-me_10.jpg,meningioma,meningioma,1,1,1,1.0,0.9999,0.0,0.9999,0.0,0.0
Testing/meningioma/Te-me_100.jpg,meningioma,meningioma,1,1,1,1.0,0.9999,0.0,0.9999,0.0,0.0
Testing/meningioma/Te-me_102.jpg,meningioma,meningioma,1,1,1,1.0,0.9999,0.0001,0.9999,0.0,0.0
Testing/meningioma/Te-me_103.jpg,meningioma,meningioma,1,1,1,1.0,0.9999,0.0,0.9999,0.0,0.0
Testing/meningioma/Te-me_104.jpg,meningioma,meningioma,1,1,1,0.9999,0.9998,0.0001,0.9998,0.0001,0.0001
Testing/meningioma/Te-me_106.jpg,meningioma,meningioma,1,1,1,1.0,0.9999,0.0,0.9999,0.0,0.0
Testing/meningioma/Te-me_107.jpg,meningioma,meningioma,1,1,1,1.0,0.9999,0.0,0.9999,0.0,0.0
Testing/meningioma/Te-me_108.jpg,meningioma,meningioma,1,1,1,1.0,0.9999,0.0001,0.9999,0.0,0.0
Testing/meningioma/Te-me_11.jpg,meningioma,meningioma,1,1,1,1.0,0.9999,0.0,0.9999,0.0,0.0
Testing/meningioma/Te-me_110.jpg,meningioma,meningioma,1,1,1,1.0,0.9999,0.0,0.9999,0.0,0.0
Testing/meningioma/Te-me_112.jpg,meningioma,meningioma,1,1,1,1.0,0.9999,0.0,0.9999,0.0,0.0
Testing/meningioma/Te-me_114.jpg,meningioma,meningioma,1,1,1,1.0,0.9999,0.0,0.9999,0.0,0.0001
Testing/meningioma/Te-me_115.jpg,meningioma,pituitary,0,1,1,0.9982,0.878,0.0004,0.1197,0.0018,0.878
Testing/meningioma/Te-me_118.jpg,meningioma,meningioma,1,1,1,1.0,0.9999,0.0001,0.9999,0.0,0.0
Testing/meningioma/Te-me_119.jpg,meningioma,meningioma,1,1,1,1.0,0.9999,0.0,0.9999,0.0,0.0
Testing/meningioma/Te-me_12.jpg,meningioma,meningioma,1,1,1,1.0,0.9999,0.0,0.9999,0.0,0.0
Testing/meningioma/Te-me_120.jpg,meningioma,meningioma,1,1,1,1.0,0.9999,0.0,0.9999,0.0,0.0
Testing/meningioma/Te-me_122.jpg,meningioma,meningioma,1,1,1,1.0,0.9999,0.0,0.9999,0.0,0.0
Testing/meningioma/Te-me_123.jpg,meningioma,meningioma,1,1,1,1.0,0.9999,0.0,0.9999,0.0,0.0
Testing/meningioma/Te-me_124.jpg,meningioma,meningioma,1,1,1,1.0,0.9998,0.0001,0.9998,0.0,0.0001
Testing/meningioma/Te-me_125.jpg,meningioma,meningioma,1,1,1,1.0,0.9999,0.0,0.9999,0.0,0.0
Testing/meningioma/Te-me_127.jpg,meningioma,meningioma,1,1,1,1.0,0.9999,0.0,0.9999,0.0,0.0
Testing/meningioma/Te-me_128.jpg,meningioma,meningioma,1,1,1,1.0,0.9999,0.0,0.9999,0.0,0.0
Testing/meningioma/Te-me_129.jpg,meningioma,meningioma,1,1,1,1.0,0.9999,0.0001,0.9999,0.0,0.0
Testing/meningioma/Te-me_13.jpg,meningioma,glioma,0,1,1,0.9954,0.7836,0.7836,0.2092,0.0046,0.0026
Testing/meningioma/Te-me_130.jpg,meningioma,meningioma,1,1,1,1.0,0.9998,0.0001,0.9998,0.0,0.0001
Testing/meningioma/Te-me_131.jpg,meningioma,meningioma,1,1,1,1.0,0.9999,0.0001,0.9999,0.0,0.0
Testing/meningioma/Te-me_132.jpg,meningioma,meningioma,1,1,1,1.0,0.9999,0.0,0.9999,0.0,0.0
Testing/meningioma/Te-me_133.jpg,meningioma,meningioma,1,1,1,1.0,0.9999,0.0,0.9999,0.0,0.0
Testing/meningioma/Te-me_134.jpg,meningioma,meningioma,1,1,1,1.0,0.9999,0.0,0.9999,0.0,0.0
Testing/meningioma/Te-me_135.jpg,meningioma,meningioma,1,1,1,0.9999,0.9999,0.0,0.9999,0.0001,0.0
Testing/meningioma/Te-me_136.jpg,meningioma,meningioma,1,1,1,1.0,0.9999,0.0,0.9999,0.0,0.0
Testing/meningioma/Te-me_139.jpg,meningioma,meningioma,1,1,1,0.9992,0.9991,0.0,0.9991,0.0008,0.0
Testing/meningioma/Te-me_14.jpg,meningioma,meningioma,1,1,1,1.0,0.9999,0.0,0.9999,0.0,0.0
Testing/meningioma/Te-me_140.jpg,meningioma,meningioma,1,1,1,1.0,0.9999,0.0,0.9999,0.0,0.0
Testing/meningioma/Te-me_141.jpg,meningioma,meningioma,1,1,1,0.9999,0.9998,0.0001,0.9998,0.0001,0.0001
Testing/meningioma/Te-me_142.jpg,meningioma,meningioma,1,1,1,1.0,0.9999,0.0,0.9999,0.0,0.0
Testing/meningioma/Te-me_143.jpg,meningioma,meningioma,1,1,1,1.0,0.9999,0.0,0.9999,0.0,0.0
Testing/meningioma/Te-me_144.jpg,meningioma,meningioma,1,1,1,1.0,0.9999,0.0,0.9999,0.0,0.0
Testing/meningioma/Te-me_145.jpg,meningioma,meningioma,1,1,1,0.9999,0.9998,0.0001,0.9998,0.0001,0.0001
Testing/meningioma/Te-me_146.jpg,meningioma,meningioma,1,1,1,0.9999,0.9998,0.0001,0.9998,0.0001,0.0001
Testing/meningioma/Te-me_147.jpg,meningioma,meningioma,1,1,1,0.9999,0.9998,0.0001,0.9998,0.0001,0.0001
Testing/meningioma/Te-me_148.jpg,meningioma,meningioma,1,1,1,1.0,0.9999,0.0,0.9999,0.0,0.0
Testing/meningioma/Te-me_15.jpg,meningioma,meningioma,1,1,1,1.0,0.9999,0.0,0.9999,0.0,0.0
Testing/meningioma/Te-me_150.jpg,meningioma,meningioma,1,1,1,1.0,0.9999,0.0,0.9999,0.0,0.0
Testing/meningioma/Te-me_151.jpg,meningioma,meningioma,1,1,1,0.9999,0.9998,0.0001,0.9998,0.0001,0.0001
Testing/meningioma/Te-me_152.jpg,meningioma,meningioma,1,1,1,0.9999,0.9998,0.0001,0.9998,0.0001,0.0001
Testing/meningioma/Te-me_153.jpg,meningioma,meningioma,1,1,1,1.0,0.9998,0.0001,0.9998,0.0,0.0
Testing/meningioma/Te-me_154.jpg,meningioma,meningioma,1,1,1,1.0,0.9999,0.0,0.9999,0.0,0.0
Testing/meningioma/Te-me_155.jpg,meningioma,meningioma,1,1,1,1.0,0.9999,0.0,0.9999,0.0,0.0
Testing/meningioma/Te-me_16.jpg,meningioma,meningioma,1,1,1,1.0,0.9999,0.0,0.9999,0.0,0.0
Testing/meningioma/Te-me_160.jpg,meningioma,meningioma,1,1,1,1.0,0.9999,0.0,0.9999,0.0,0.0
Testing/meningioma/Te-me_161.jpg,meningioma,meningioma,1,1,1,1.0,0.9999,0.0,0.9999,0.0,0.0
Testing/meningioma/Te-me_163.jpg,meningioma,meningioma,1,1,1,1.0,0.9999,0.0,0.9999,0.0,0.0
Testing/meningioma/Te-me_164.jpg,meningioma,meningioma,1,1,1,1.0,0.9998,0.0001,0.9998,0.0,0.0
Testing/meningioma/Te-me_166.jpg,meningioma,meningioma,1,1,1,1.0,0.9999,0.0,0.9999,0.0,0.0001
Testing/meningioma/Te-me_168.jpg,meningioma,meningioma,1,1,1,1.0,0.9999,0.0,0.9999,0.0,0.0
Testing/meningioma/Te-me_169.jpg,meningioma,meningioma,1,1,1,0.9991,0.9685,0.0006,0.9685,0.0009,0.03
Testing/meningioma/Te-me_17.jpg,meningioma,meningioma,1,1,1,1.0,0.9999,0.0001,0.9999,0.0,0.0
Testing/meningioma/Te-me_170.jpg,meningioma,meningioma,1,1,1,1.0,0.9999,0.0,0.9999,0.0,0.0
Testing/meningioma/Te-me_172.jpg,meningioma,meningioma,1,1,1,1.0,0.9999,0.0,0.9999,0.0,0.0
Testing/meningioma/Te-me_173.jpg,meningioma,meningioma,1,1,1,1.0,0.9999,0.0,0.9999,0.0,0.0
Testing/meningioma/Te-me_176.jpg,meningioma,meningioma,1,1,1,0.8072,0.7989,0.0045,0.7989,0.1928,0.0038
Testing/meningioma/Te-me_177.jpg,meningioma,meningioma,1,1,1,1.0,0.9999,0.0,0.9999,0.0,0.0
Testing/meningioma/Te-me_178.jpg,meningioma,meningioma,1,1,1,1.0,0.9999,0.0,0.9999,0.0,0.0
Testing/meningioma/Te-me_181.jpg,meningioma,meningioma,1,1,1,1.0,0.9999,0.0,0.9999,0.0,0.0
Testing/meningioma/Te-me_182.jpg,meningioma,pituitary,0,1,1,0.6976,0.6853,0.0106,0.0018,0.3024,0.6853
Testing/meningioma/Te-me_183.jpg,meningioma,meningioma,1,1,1,1.0,0.9999,0.0,0.9999,0.0,0.0
Testing/meningioma/Te-me_185.jpg,meningioma,meningioma,1,1,1,1.0,0.9999,0.0,0.9999,0.0,0.0
Testing/meningioma/Te-me_186.jpg,meningioma,notumor,0,1,0,0.0244,0.9756,0.0011,0.0037,0.9756,0.0196
Testing/meningioma/Te-me_188.jpg,meningioma,meningioma,1,1,1,1.0,0.9999,0.0,0.9999,0.0,0.0
Testing/meningioma/Te-me_189.jpg,meningioma,meningioma,1,1,1,1.0,0.9999,0.0,0.9999,0.0,0.0
Testing/meningioma/Te-me_191.jpg,meningioma,meningioma,1,1,1,1.0,1.0,0.0,1.0,0.0,0.0
Testing/meningioma/Te-me_192.jpg,meningioma,meningioma,1,1,1,1.0,0.9999,0.0,0.9999,0.0,0.0
Testing/meningioma/Te-me_193.jpg,meningioma,meningioma,1,1,1,0.9996,0.9976,0.0018,0.9976,0.0004,0.0002
Testing/meningioma/Te-me_194.jpg,meningioma,meningioma,1,1,1,0.9999,0.9998,0.0001,0.9998,0.0001,0.0001
Testing/meningioma/Te-me_196.jpg,meningioma,meningioma,1,1,1,1.0,0.9999,0.0,0.9999,0.0,0.0
Testing/meningioma/Te-me_199.jpg,meningioma,meningioma,1,1,1,1.0,0.9999,0.0,0.9999,0.0,0.0
Testing/meningioma/Te-me_200.jpg,meningioma,meningioma,1,1,1,1.0,0.9999,0.0,0.9999,0.0,0.0
Testing/meningioma/Te-me_201.jpg,meningioma,meningioma,1,1,1,1.0,0.9999,0.0,0.9999,0.0,0.0
Testing/meningioma/Te-me_203.jpg,meningioma,meningioma,1,1,1,1.0,0.9999,0.0,0.9999,0.0,0.0
Testing/meningioma/Te-me_204.jpg,meningioma,meningioma,1,1,1,1.0,0.9999,0.0001,0.9999,0.0,0.0
Testing/meningioma/Te-me_209.jpg,meningioma,meningioma,1,1,1,0.9999,0.9998,0.0,0.9998,0.0001,0.0001
Testing/meningioma/Te-me_21.jpg,meningioma,meningioma,1,1,1,1.0,0.9999,0.0,0.9999,0.0,0.0
Testing/meningioma/Te-me_210.jpg,meningioma,meningioma,1,1,1,1.0,0.9998,0.0,0.9998,0.0,0.0001
Testing/meningioma/Te-me_211.jpg,meningioma,meningioma,1,1,1,1.0,0.9999,0.0,0.9999,0.0,0.0
Testing/meningioma/Te-me_212.jpg,meningioma,meningioma,1,1,1,1.0,0.9999,0.0,0.9999,0.0,0.0
Testing/meningioma/Te-me_215.jpg,meningioma,meningioma,1,1,1,1.0,0.9999,0.0,0.9999,0.0,0.0
Testing/meningioma/Te-me_217.jpg,meningioma,meningioma,1,1,1,1.0,0.9999,0.0,0.9999,0.0,0.0
Testing/meningioma/Te-me_218.jpg,meningioma,meningioma,1,1,1,1.0,0.9999,0.0,0.9999,0.0,0.0
Testing/meningioma/Te-me_22.jpg,meningioma,meningioma,1,1,1,1.0,0.9999,0.0,0.9999,0.0,0.0
Testing/meningioma/Te-me_220.jpg,meningioma,meningioma,1,1,1,1.0,0.9999,0.0,0.9999,0.0,0.0
Testing/meningioma/Te-me_221.jpg,meningioma,meningioma,1,1,1,1.0,0.9999,0.0,0.9999,0.0,0.0
Testing/meningioma/Te-me_222.jpg,meningioma,meningioma,1,1,1,1.0,0.9999,0.0,0.9999,0.0,0.0
Testing/meningioma/Te-me_224.jpg,meningioma,meningioma,1,1,1,0.9999,0.9998,0.0001,0.9998,0.0001,0.0001
Testing/meningioma/Te-me_225.jpg,meningioma,meningioma,1,1,1,0.9999,0.9999,0.0,0.9999,0.0001,0.0001
Testing/meningioma/Te-me_226.jpg,meningioma,meningioma,1,1,1,1.0,0.9999,0.0,0.9999,0.0,0.0
Testing/meningioma/Te-me_227.jpg,meningioma,notumor,0,1,0,0.3401,0.6599,0.0738,0.0019,0.6599,0.2644
Testing/meningioma/Te-me_23.jpg,meningioma,meningioma,1,1,1,1.0,0.9999,0.0,0.9999,0.0,0.0
Testing/meningioma/Te-me_233.jpg,meningioma,meningioma,1,1,1,1.0,0.9999,0.0,0.9999,0.0,0.0
Testing/meningioma/Te-me_236.jpg,meningioma,meningioma,1,1,1,1.0,1.0,0.0,1.0,0.0,0.0
Testing/meningioma/Te-me_237.jpg,meningioma,meningioma,1,1,1,1.0,0.9999,0.0,0.9999,0.0,0.0
Testing/meningioma/Te-me_238.jpg,meningioma,meningioma,1,1,1,1.0,0.9999,0.0,0.9999,0.0,0.0
Testing/meningioma/Te-me_239.jpg,meningioma,meningioma,1,1,1,1.0,0.9999,0.0,0.9999,0.0,0.0
Testing/meningioma/Te-me_24.jpg,meningioma,meningioma,1,1,1,1.0,0.9999,0.0,0.9999,0.0,0.0
Testing/meningioma/Te-me_240.jpg,meningioma,meningioma,1,1,1,1.0,0.9999,0.0,0.9999,0.0,0.0
Testing/meningioma/Te-me_242.jpg,meningioma,meningioma,1,1,1,1.0,0.9999,0.0,0.9999,0.0,0.0
Testing/meningioma/Te-me_244.jpg,meningioma,meningioma,1,1,1,1.0,0.9999,0.0001,0.9999,0.0,0.0
Testing/meningioma/Te-me_245.jpg,meningioma,meningioma,1,1,1,1.0,0.9999,0.0001,0.9999,0.0,0.0
Testing/meningioma/Te-me_246.jpg,meningioma,meningioma,1,1,1,0.9999,0.9997,0.0002,0.9997,0.0001,0.0001
Testing/meningioma/Te-me_247.jpg,meningioma,meningioma,1,1,1,1.0,0.9999,0.0,0.9999,0.0,0.0
Testing/meningioma/Te-me_248.jpg,meningioma,meningioma,1,1,1,1.0,0.9999,0.0,0.9999,0.0,0.0
Testing/meningioma/Te-me_249.jpg,meningioma,meningioma,1,1,1,1.0,0.9999,0.0,0.9999,0.0,0.0
Testing/meningioma/Te-me_25.jpg,meningioma,meningioma,1,1,1,0.9998,0.9986,0.001,0.9986,0.0002,0.0002
Testing/meningioma/Te-me_250.jpg,meningioma,meningioma,1,1,1,1.0,0.9999,0.0,0.9999,0.0,0.0
Testing/meningioma/Te-me_254.jpg,meningioma,meningioma,1,1,1,1.0,0.9999,0.0,0.9999,0.0,0.0
Testing/meningioma/Te-me_255.jpg,meningioma,meningioma,1,1,1,0.9995,0.9899,0.0004,0.9899,0.0005,0.0091
Testing/meningioma/Te-me_256.jpg,meningioma,meningioma,1,1,1,1.0,0.9999,0.0001,0.9999,0.0,0.0
Testing/meningioma/Te-me_257.jpg,meningioma,meningioma,1,1,1,1.0,0.9999,0.0,0.9999,0.0,0.0
Testing/meningioma/Te-me_258.jpg,meningioma,meningioma,1,1,1,1.0,0.9999,0.0,0.9999,0.0,0.0
Testing/meningioma/Te-me_260.jpg,meningioma,meningioma,1,1,1,1.0,0.9999,0.0,0.9999,0.0,0.0
Testing/meningioma/Te-me_261.jpg,meningioma,meningioma,1,1,1,1.0,0.9999,0.0,0.9999,0.0,0.0
Testing/meningioma/Te-me_262.jpg,meningioma,meningioma,1,1,1,1.0,0.9999,0.0,0.9999,0.0,0.0
Testing/meningioma/Te-me_263.jpg,meningioma,meningioma,1,1,1,0.9999,0.9998,0.0001,0.9998,0.0001,0.0
Testing/meningioma/Te-me_264.jpg,meningioma,meningioma,1,1,1,1.0,0.9999,0.0,0.9999,0.0,0.0
Testing/meningioma/Te-me_267.jpg,meningioma,meningioma,1,1,1,1.0,0.9999,0.0,0.9999,0.0,0.0
Testing/meningioma/Te-me_268.jpg,meningioma,meningioma,1,1,1,1.0,0.9999,0.0,0.9999,0.0,0.0
Testing/meningioma/Te-me_269.jpg,meningioma,meningioma,1,1,1,1.0,0.9999,0.0,0.9999,0.0,0.0
Testing/meningioma/Te-me_27.jpg,meningioma,meningioma,1,1,1,1.0,0.9999,0.0,0.9999,0.0,0.0
Testing/meningioma/Te-me_271.jpg,meningioma,meningioma,1,1,1,1.0,0.9998,0.0001,0.9998,0.0,0.0001
Testing/meningioma/Te-me_272.jpg,meningioma,meningioma,1,1,1,1.0,0.9999,0.0,0.9999,0.0,0.0
Testing/meningioma/Te-me_273.jpg,meningioma,meningioma,1,1,1,1.0,0.9999,0.0,0.9999,0.0,0.0
Testing/meningioma/Te-me_275.jpg,meningioma,meningioma,1,1,1,0.9999,0.9998,0.0001,0.9998,0.0001,0.0001
Testing/meningioma/Te-me_28.jpg,meningioma,meningioma,1,1,1,1.0,0.9999,0.0001,0.9999,0.0,0.0
Testing/meningioma/Te-me_281.jpg,meningioma,meningioma,1,1,1,0.9999,0.9998,0.0001,0.9998,0.0001,0.0001
Testing/meningioma/Te-me_282.jpg,meningioma,meningioma,1,1,1,1.0,0.9999,0.0,0.9999,0.0,0.0
Testing/meningioma/Te-me_283.jpg,meningioma,meningioma,1,1,1,1.0,0.9999,0.0,0.9999,0.0,0.0
Testing/meningioma/Te-me_284.jpg,meningioma,meningioma,1,1,1,1.0,0.9999,0.0,0.9999,0.0,0.0
Testing/meningioma/Te-me_286.jpg,meningioma,meningioma,1,1,1,0.9999,0.9998,0.0,0.9998,0.0001,0.0001
Testing/meningioma/Te-me_287.jpg,meningioma,meningioma,1,1,1,0.9999,0.9998,0.0,0.9998,0.0001,0.0001
Testing/meningioma/Te-me_289.jpg,meningioma,meningioma,1,1,1,1.0,0.9999,0.0001,0.9999,0.0,0.0
Testing/meningioma/Te-me_291.jpg,meningioma,meningioma,1,1,1,1.0,0.9999,0.0001,0.9999,0.0,0.0
Testing/meningioma/Te-me_292.jpg,meningioma,meningioma,1,1,1,1.0,0.9998,0.0001,0.9998,0.0,0.0
Testing/meningioma/Te-me_294.jpg,meningioma,meningioma,1,1,1,1.0,0.9999,0.0001,0.9999,0.0,0.0
Testing/meningioma/Te-me_295.jpg,meningioma,pituitary,0,1,1,0.9906,0.9747,0.0012,0.0146,0.0094,0.9747
Testing/meningioma/Te-me_297.jpg,meningioma,meningioma,1,1,1,0.9999,0.9999,0.0,0.9999,0.0001,0.0001
Testing/meningioma/Te-me_3.jpg,meningioma,meningioma,1,1,1,0.6294,0.5891,0.0079,0.5891,0.3706,0.0324
Testing/meningioma/Te-me_32.jpg,meningioma,meningioma,1,1,1,1.0,0.9999,0.0,0.9999,0.0,0.0
Testing/meningioma/Te-me_33.jpg,meningioma,meningioma,1,1,1,0.9999,0.9998,0.0001,0.9998,0.0001,0.0001
Testing/meningioma/Te-me_34.jpg,meningioma,meningioma,1,1,1,1.0,0.9999,0.0,0.9999,0.0,0.0
Testing/meningioma/Te-me_35.jpg,meningioma,meningioma,1,1,1,1.0,0.9999,0.0,0.9999,0.0,0.0
Testing/meningioma/Te-me_36.jpg,meningioma,meningioma,1,1,1,1.0,0.9999,0.0001,0.9999,0.0,0.0
Testing/meningioma/Te-me_38.jpg,meningioma,meningioma,1,1,1,1.0,0.9999,0.0001,0.9999,0.0,0.0
Testing/meningioma/Te-me_40.jpg,meningioma,meningioma,1,1,1,1.0,0.9999,0.0,0.9999,0.0,0.0
Testing/meningioma/Te-me_41.jpg,meningioma,meningioma,1,1,1,1.0,0.9999,0.0001,0.9999,0.0,0.0
Testing/meningioma/Te-me_43.jpg,meningioma,meningioma,1,1,1,1.0,0.9999,0.0,0.9999,0.0,0.0
Testing/meningioma/Te-me_44.jpg,meningioma,meningioma,1,1,1,1.0,0.9999,0.0,0.9999,0.0,0.0
Testing/meningioma/Te-me_46.jpg,meningioma,meningioma,1,1,1,0.9999,0.9998,0.0001,0.9998,0.0001,0.0001
Testing/meningioma/Te-me_47.jpg,meningioma,meningioma,1,1,1,1.0,0.9999,0.0,0.9999,0.0,0.0
Testing/meningioma/Te-me_48.jpg,meningioma,meningioma,1,1,1,1.0,0.9999,0.0,0.9999,0.0,0.0
Testing/meningioma/Te-me_51.jpg,meningioma,meningioma,1,1,1,1.0,0.9999,0.0,0.9999,0.0,0.0
Testing/meningioma/Te-me_53.jpg,meningioma,meningioma,1,1,1,1.0,0.9999,0.0,0.9999,0.0,0.0
Testing/meningioma/Te-me_55.jpg,meningioma,meningioma,1,1,1,1.0,0.9999,0.0,0.9999,0.0,0.0
Testing/meningioma/Te-me_56.jpg,meningioma,meningioma,1,1,1,1.0,0.9999,0.0001,0.9999,0.0,0.0
Testing/meningioma/Te-me_57.jpg,meningioma,meningioma,1,1,1,1.0,0.9999,0.0,0.9999,0.0,0.0
Testing/meningioma/Te-me_58.jpg,meningioma,meningioma,1,1,1,0.9999,0.9998,0.0001,0.9998,0.0001,0.0001
Testing/meningioma/Te-me_59.jpg,meningioma,meningioma,1,1,1,1.0,0.9999,0.0,0.9999,0.0,0.0
Testing/meningioma/Te-me_6.jpg,meningioma,meningioma,1,1,1,0.9996,0.9994,0.0001,0.9994,0.0004,0.0001
Testing/meningioma/Te-me_60.jpg,meningioma,meningioma,1,1,1,1.0,0.9999,0.0,0.9999,0.0,0.0
Testing/meningioma/Te-me_63.jpg,meningioma,meningioma,1,1,1,1.0,0.9999,0.0,0.9999,0.0,0.0
Testing/meningioma/Te-me_64.jpg,meningioma,meningioma,1,1,1,1.0,0.9999,0.0,0.9999,0.0,0.0
Testing/meningioma/Te-me_65.jpg,meningioma,meningioma,1,1,1,1.0,0.9999,0.0,0.9999,0.0,0.0
Testing/meningioma/Te-me_67.jpg,meningioma,meningioma,1,1,1,0.9996,0.9982,0.0012,0.9982,0.0004,0.0002
Testing/meningioma/Te-me_68.jpg,meningioma,meningioma,1,1,1,0.9999,0.9998,0.0001,0.9998,0.0001,0.0001
Testing/meningioma/Te-me_69.jpg,meningioma,meningioma,1,1,1,1.0,0.9998,0.0001,0.9998,0.0,0.0001
Testing/meningioma/Te-me_7.jpg,meningioma,meningioma,1,1,1,1.0,0.9999,0.0,0.9999,0.0,0.0
Testing/meningioma/Te-me_72.jpg,meningioma,meningioma,1,1,1,1.0,0.9999,0.0,0.9999,0.0,0.0
Testing/meningioma/Te-me_73.jpg,meningioma,meningioma,1,1,1,1.0,0.9999,0.0,0.9999,0.0,0.0
Testing/meningioma/Te-me_74.jpg,meningioma,meningioma,1,1,1,1.0,0.9999,0.0,0.9999,0.0,0.0
Testing/meningioma/Te-me_76.jpg,meningioma,meningioma,1,1,1,1.0,0.9999,0.0,0.9999,0.0,0.0
Testing/meningioma/Te-me_77.jpg,meningioma,meningioma,1,1,1,1.0,0.9999,0.0,0.9999,0.0,0.0
Testing/meningioma/Te-me_78.jpg,meningioma,meningioma,1,1,1,0.9999,0.9998,0.0001,0.9998,0.0001,0.0001
Testing/meningioma/Te-me_79.jpg,meningioma,meningioma,1,1,1,1.0,0.9999,0.0,0.9999,0.0,0.0
Testing/meningioma/Te-me_80.jpg,meningioma,meningioma,1,1,1,1.0,0.9999,0.0,0.9999,0.0,0.0
Testing/meningioma/Te-me_84.jpg,meningioma,meningioma,1,1,1,1.0,0.9998,0.0001,0.9998,0.0,0.0001
Testing/meningioma/Te-me_85.jpg,meningioma,meningioma,1,1,1,0.9999,0.9998,0.0001,0.9998,0.0001,0.0001
Testing/meningioma/Te-me_87.jpg,meningioma,meningioma,1,1,1,1.0,0.9999,0.0,0.9999,0.0,0.0
Testing/meningioma/Te-me_88.jpg,meningioma,meningioma,1,1,1,1.0,0.9999,0.0,0.9999,0.0,0.0
Testing/meningioma/Te-me_89.jpg,meningioma,meningioma,1,1,1,1.0,0.9999,0.0001,0.9999,0.0,0.0
Testing/meningioma/Te-me_90.jpg,meningioma,meningioma,1,1,1,1.0,0.9999,0.0,0.9999,0.0,0.0
Testing/meningioma/Te-me_91.jpg,meningioma,meningioma,1,1,1,1.0,0.9999,0.0001,0.9999,0.0,0.0
Testing/meningioma/Te-me_92.jpg,meningioma,meningioma,1,1,1,1.0,0.9999,0.0,0.9999,0.0,0.0
Testing/meningioma/Te-me_97.jpg,meningioma,meningioma,1,1,1,1.0,0.9999,0.0,0.9999,0.0,0.0
Testing/meningioma/Te-me_98.jpg,meningioma,meningioma,1,1,1,1.0,0.9999,0.0,0.9999,0.0,0.0
Testing/meningioma/Te-me_99.jpg,meningioma,meningioma,1,1,1,1.0,1.0,0.0,1.0,0.0,0.0
Testing/notumor/Te-no_1.jpg,notumor,notumor,1,0,0,0.0001,0.9999,0.0,0.0001,0.9999,0.0
Testing/notumor/Te-no_10.jpg,notumor,notumor,1,0,0,0.0001,0.9999,0.0,0.0,0.9999,0.0
Testing/notumor/Te-no_100.jpg,notumor,notumor,1,0,0,0.0001,0.9999,0.0,0.0,0.9999,0.0
Testing/notumor/Te-no_101.jpg,notumor,notumor,1,0,0,0.0002,0.9998,0.0001,0.0001,0.9998,0.0
Testing/notumor/Te-no_102.jpg,notumor,notumor,1,0,0,0.0001,0.9999,0.0,0.0,0.9999,0.0
Testing/notumor/Te-no_103.jpg,notumor,notumor,1,0,0,0.0001,0.9999,0.0,0.0001,0.9999,0.0
Testing/notumor/Te-no_104.jpg,notumor,notumor,1,0,0,0.0001,0.9999,0.0,0.0,0.9999,0.0
Testing/notumor/Te-no_105.jpg,notumor,notumor,1,0,0,0.0001,0.9999,0.0,0.0,0.9999,0.0
Testing/notumor/Te-no_106.jpg,notumor,notumor,1,0,0,0.0001,0.9999,0.0,0.0,0.9999,0.0
Testing/notumor/Te-no_107.jpg,notumor,notumor,1,0,0,0.0001,0.9999,0.0,0.0,0.9999,0.0
Testing/notumor/Te-no_108.jpg,notumor,notumor,1,0,0,0.0001,0.9999,0.0,0.0,0.9999,0.0
Testing/notumor/Te-no_109.jpg,notumor,notumor,1,0,0,0.0001,0.9999,0.0,0.0,0.9999,0.0
Testing/notumor/Te-no_11.jpg,notumor,notumor,1,0,0,0.0001,0.9999,0.0,0.0,0.9999,0.0
Testing/notumor/Te-no_110.jpg,notumor,notumor,1,0,0,0.0001,0.9999,0.0,0.0,0.9999,0.0
Testing/notumor/Te-no_111.jpg,notumor,notumor,1,0,0,0.0001,0.9999,0.0,0.0,0.9999,0.0
Testing/notumor/Te-no_112.jpg,notumor,notumor,1,0,0,0.0001,0.9999,0.0,0.0,0.9999,0.0
Testing/notumor/Te-no_113.jpg,notumor,notumor,1,0,0,0.0001,0.9999,0.0,0.0,0.9999,0.0
Testing/notumor/Te-no_114.jpg,notumor,notumor,1,0,0,0.0001,0.9999,0.0,0.0001,0.9999,0.0
Testing/notumor/Te-no_115.jpg,notumor,notumor,1,0,0,0.0001,0.9999,0.0,0.0,0.9999,0.0
Testing/notumor/Te-no_116.jpg,notumor,notumor,1,0,0,0.0001,0.9999,0.0,0.0,0.9999,0.0
Testing/notumor/Te-no_117.jpg,notumor,notumor,1,0,0,0.0001,0.9999,0.0,0.0,0.9999,0.0
Testing/notumor/Te-no_118.jpg,notumor,notumor,1,0,0,0.0001,0.9999,0.0,0.0,0.9999,0.0
Testing/notumor/Te-no_119.jpg,notumor,notumor,1,0,0,0.0001,0.9999,0.0001,0.0001,0.9999,0.0
Testing/notumor/Te-no_12.jpg,notumor,notumor,1,0,0,0.0001,0.9999,0.0,0.0,0.9999,0.0
Testing/notumor/Te-no_120.jpg,notumor,notumor,1,0,0,0.0001,0.9999,0.0,0.0,0.9999,0.0
Testing/notumor/Te-no_122.jpg,notumor,notumor,1,0,0,0.0001,0.9999,0.0,0.0,0.9999,0.0
Testing/notumor/Te-no_123.jpg,notumor,notumor,1,0,0,0.0001,0.9999,0.0,0.0,0.9999,0.0
Testing/notumor/Te-no_124.jpg,notumor,notumor,1,0,0,0.0001,0.9999,0.0,0.0001,0.9999,0.0
Testing/notumor/Te-no_125.jpg,notumor,notumor,1,0,0,0.0001,0.9999,0.0,0.0,0.9999,0.0
Testing/notumor/Te-no_126.jpg,notumor,notumor,1,0,0,0.0001,0.9999,0.0,0.0,0.9999,0.0
Testing/notumor/Te-no_127.jpg,notumor,notumor,1,0,0,0.0001,0.9999,0.0,0.0,0.9999,0.0
Testing/notumor/Te-no_128.jpg,notumor,notumor,1,0,0,0.0002,0.9998,0.0,0.0001,0.9998,0.0001
Testing/notumor/Te-no_129.jpg,notumor,notumor,1,0,0,0.0001,0.9999,0.0,0.0,0.9999,0.0
Testing/notumor/Te-no_13.jpg,notumor,notumor,1,0,0,0.0001,0.9999,0.0,0.0,0.9999,0.0
Testing/notumor/Te-no_130.jpg,notumor,notumor,1,0,0,0.0001,0.9999,0.0,0.0,0.9999,0.0
Testing/notumor/Te-no_131.jpg,notumor,notumor,1,0,0,0.0001,0.9999,0.0,0.0,0.9999,0.0
Testing/notumor/Te-no_132.jpg,notumor,notumor,1,0,0,0.0002,0.9998,0.0,0.0001,0.9998,0.0
Testing/notumor/Te-no_133.jpg,notumor,notumor,1,0,0,0.0001,0.9999,0.0001,0.0,0.9999,0.0
Testing/notumor/Te-no_134.jpg,notumor,notumor,1,0,0,0.0001,0.9999,0.0001,0.0,0.9999,0.0
Testing/notumor/Te-no_135.jpg,notumor,notumor,1,0,0,0.0001,0.9999,0.0,0.0,0.9999,0.0
Testing/notumor/Te-no_136.jpg,notumor,notumor,1,0,0,0.0001,0.9999,0.0,0.0,0.9999,0.0
Testing/notumor/Te-no_137.jpg,notumor,notumor,1,0,0,0.0001,0.9999,0.0,0.0,0.9999,0.0
Testing/notumor/Te-no_138.jpg,notumor,notumor,1,0,0,0.0001,0.9999,0.0,0.0,0.9999,0.0
Testing/notumor/Te-no_139.jpg,notumor,notumor,1,0,0,0.0001,0.9999,0.0,0.0,0.9999,0.0
Testing/notumor/Te-no_14.jpg,notumor,notumor,1,0,0,0.0001,0.9999,0.0,0.0,0.9999,0.0
Testing/notumor/Te-no_140.jpg,notumor,notumor,1,0,0,0.0001,0.9999,0.0,0.0,0.9999,0.0
Testing/notumor/Te-no_141.jpg,notumor,notumor,1,0,0,0.0001,0.9999,0.0,0.0,0.9999,0.0
Testing/notumor/Te-no_142.jpg,notumor,notumor,1,0,0,0.0001,0.9999,0.0,0.0,0.9999,0.0
Testing/notumor/Te-no_143.jpg,notumor,notumor,1,0,0,0.0001,0.9999,0.0,0.0,0.9999,0.0
Testing/notumor/Te-no_144.jpg,notumor,notumor,1,0,0,0.0001,0.9999,0.0,0.0,0.9999,0.0
Testing/notumor/Te-no_145.jpg,notumor,notumor,1,0,0,0.0001,0.9999,0.0,0.0,0.9999,0.0
Testing/notumor/Te-no_146.jpg,notumor,notumor,1,0,0,0.0001,0.9999,0.0,0.0,0.9999,0.0
Testing/notumor/Te-no_147.jpg,notumor,notumor,1,0,0,0.0001,0.9999,0.0,0.0,0.9999,0.0
Testing/notumor/Te-no_148.jpg,notumor,notumor,1,0,0,0.0001,0.9999,0.0,0.0,0.9999,0.0
Testing/notumor/Te-no_149.jpg,notumor,notumor,1,0,0,0.0014,0.9986,0.0005,0.0006,0.9986,0.0003
Testing/notumor/Te-no_15.jpg,notumor,notumor,1,0,0,0.0001,0.9999,0.0,0.0,0.9999,0.0
Testing/notumor/Te-no_151.jpg,notumor,notumor,1,0,0,0.0001,0.9999,0.0,0.0,0.9999,0.0
Testing/notumor/Te-no_152.jpg,notumor,notumor,1,0,0,0.0001,0.9999,0.0,0.0,0.9999,0.0
Testing/notumor/Te-no_153.jpg,notumor,notumor,1,0,0,0.0001,0.9999,0.0,0.0001,0.9999,0.0
Testing/notumor/Te-no_154.jpg,notumor,notumor,1,0,0,0.0001,0.9999,0.0,0.0,0.9999,0.0
Testing/notumor/Te-no_155.jpg,notumor,notumor,1,0,0,0.0001,0.9999,0.0,0.0,0.9999,0.0
Testing/notumor/Te-no_156.jpg,notumor,notumor,1,0,0,0.0001,0.9999,0.0,0.0,0.9999,0.0
Testing/notumor/Te-no_157.jpg,notumor,notumor,1,0,0,0.0001,0.9999,0.0,0.0,0.9999,0.0
Testing/notumor/Te-no_158.jpg,notumor,notumor,1,0,0,0.0001,0.9999,0.0,0.0,0.9999,0.0
Testing/notumor/Te-no_16.jpg,notumor,notumor,1,0,0,0.0001,0.9999,0.0,0.0,0.9999,0.0
Testing/notumor/Te-no_160.jpg,notumor,notumor,1,0,0,0.0001,0.9999,0.0,0.0001,0.9999,0.0
Testing/notumor/Te-no_161.jpg,notumor,notumor,1,0,0,0.0001,0.9999,0.0,0.0,0.9999,0.0
Testing/notumor/Te-no_162.jpg,notumor,notumor,1,0,0,0.0001,0.9999,0.0,0.0,0.9999,0.0
Testing/notumor/Te-no_163.jpg,notumor,notumor,1,0,0,0.0001,0.9999,0.0,0.0,0.9999,0.0
Testing/notumor/Te-no_164.jpg,notumor,notumor,1,0,0,0.0001,0.9999,0.0,0.0001,0.9999,0.0
Testing/notumor/Te-no_165.jpg,notumor,notumor,1,0,0,0.0001,0.9999,0.0001,0.0,0.9999,0.0
Testing/notumor/Te-no_166.jpg,notumor,notumor,1,0,0,0.0001,0.9999,0.0,0.0,0.9999,0.0
Testing/notumor/Te-no_168.jpg,notumor,notumor,1,0,0,0.0001,0.9999,0.0,0.0,0.9999,0.0
Testing/notumor/Te-no_169.jpg,notumor,notumor,1,0,0,0.0001,0.9999,0.0,0.0,0.9999,0.0
Testing/notumor/Te-no_17.jpg,notumor,notumor,1,0,0,0.0001,0.9999,0.0,0.0,0.9999,0.0
Testing/notumor/Te-no_170.jpg,notumor,notumor,1,0,0,0.0001,0.9999,0.0,0.0,0.9999,0.0
Testing/notumor/Te-no_171.jpg,notumor,notumor,1,0,0,0.0001,0.9999,0.0,0.0,0.9999,0.0
Testing/notumor/Te-no_172.jpg,notumor,notumor,1,0,0,0.0001,0.9999,0.0001,0.0,0.9999,0.0
Testing/notumor/Te-no_173.jpg,notumor,notumor,1,0,0,0.0001,0.9999,0.0,0.0,0.9999,0.0
Testing/notumor/Te-no_174.jpg,notumor,notumor,1,0,0,0.0001,0.9999,0.0,0.0,0.9999,0.0
Testing/notumor/Te-no_175.jpg,notumor,notumor,1,0,0,0.0001,0.9999,0.0,0.0,0.9999,0.0001
Testing/notumor/Te-no_176.jpg,notumor,notumor,1,0,0,0.0001,0.9999,0.0,0.0001,0.9999,0.0
Testing/notumor/Te-no_177.jpg,notumor,notumor,1,0,0,0.0001,0.9999,0.0,0.0,0.9999,0.0
Testing/notumor/Te-no_178.jpg,notumor,notumor,1,0,0,0.0001,0.9999,0.0,0.0,0.9999,0.0
Testing/notumor/Te-no_179.jpg,notumor,notumor,1,0,0,0.0002,0.9998,0.0001,0.0001,0.9998,0.0001
Testing/notumor/Te-no_18.jpg,notumor,notumor,1,0,0,0.0001,0.9999,0.0,0.0,0.9999,0.0
Testing/notumor/Te-no_180.jpg,notumor,notumor,1,0,0,0.0001,0.9999,0.0,0.0,0.9999,0.0
Testing/notumor/Te-no_181.jpg,notumor,notumor,1,0,0,0.0001,0.9999,0.0,0.0,0.9999,0.0
Testing/notumor/Te-no_182.jpg,notumor,notumor,1,0,0,0.0001,0.9999,0.0,0.0,0.9999,0.0001
Testing/notumor/Te-no_183.jpg,notumor,notumor,1,0,0,0.0001,0.9999,0.0,0.0,0.9999,0.0
Testing/notumor/Te-no_184.jpg,notumor,notumor,1,0,0,0.0001,0.9999,0.0,0.0,0.9999,0.0
Testing/notumor/Te-no_185.jpg,notumor,notumor,1,0,0,0.0001,0.9999,0.0,0.0,0.9999,0.0
Testing/notumor/Te-no_186.jpg,notumor,notumor,1,0,0,0.0001,0.9999,0.0,0.0,0.9999,0.0
Testing/notumor/Te-no_187.jpg,notumor,notumor,1,0,0,0.0001,0.9999,0.0,0.0,0.9999,0.0
Testing/notumor/Te-no_188.jpg,notumor,notumor,1,0,0,0.0001,0.9999,0.0,0.0,0.9999,0.0
Testing/notumor/Te-no_189.jpg,notumor,notumor,1,0,0,0.0001,0.9999,0.0,0.0,0.9999,0.0
Testing/notumor/Te-no_19.jpg,notumor,notumor,1,0,0,0.0029,0.9971,0.0024,0.0002,0.9971,0.0002
Testing/notumor/Te-no_190.jpg,notumor,notumor,1,0,0,0.0001,0.9999,0.0,0.0,0.9999,0.0
Testing/notumor/Te-no_191.jpg,notumor,notumor,1,0,0,0.0001,0.9999,0.0,0.0001,0.9999,0.0
Testing/notumor/Te-no_192.jpg,notumor,notumor,1,0,0,0.0001,0.9999,0.0,0.0,0.9999,0.0
Testing/notumor/Te-no_193.jpg,notumor,notumor,1,0,0,0.0001,0.9999,0.0,0.0,0.9999,0.0
Testing/notumor/Te-no_195.jpg,notumor,notumor,1,0,0,0.0001,0.9999,0.0,0.0,0.9999,0.0
Testing/notumor/Te-no_196.jpg,notumor,notumor,1,0,0,0.0001,0.9999,0.0,0.0,0.9999,0.0
Testing/notumor/Te-no_197.jpg,notumor,notumor,1,0,0,0.0001,0.9999,0.0,0.0,0.9999,0.0
Testing/notumor/Te-no_198.jpg,notumor,notumor,1,0,0,0.0001,0.9999,0.0,0.0,0.9999,0.0
Testing/notumor/Te-no_199.jpg,notumor,notumor,1,0,0,0.0001,0.9999,0.0,0.0001,0.9999,0.0
Testing/notumor/Te-no_2.jpg,notumor,notumor,1,0,0,0.0001,0.9999,0.0,0.0,0.9999,0.0
Testing/notumor/Te-no_20.jpg,notumor,notumor,1,0,0,0.0001,0.9999,0.0,0.0,0.9999,0.0
Testing/notumor/Te-no_200.jpg,notumor,notumor,1,0,0,0.0001,0.9999,0.0,0.0,0.9999,0.0
Testing/notumor/Te-no_201.jpg,notumor,notumor,1,0,0,0.0001,0.9999,0.0,0.0,0.9999,0.0
Testing/notumor/Te-no_202.jpg,notumor,notumor,1,0,0,0.0001,0.9999,0.0,0.0,0.9999,0.0
Testing/notumor/Te-no_203.jpg,notumor,notumor,1,0,0,0.0001,0.9999,0.0,0.0001,0.9999,0.0
Testing/notumor/Te-no_204.jpg,notumor,notumor,1,0,0,0.0001,0.9999,0.0,0.0,0.9999,0.0
Testing/notumor/Te-no_205.jpg,notumor,notumor,1,0,0,0.0001,0.9999,0.0,0.0,0.9999,0.0
Testing/notumor/Te-no_206.jpg,notumor,notumor,1,0,0,0.0001,0.9999,0.0,0.0,0.9999,0.0
Testing/notumor/Te-no_207.jpg,notumor,notumor,1,0,0,0.0001,0.9999,0.0,0.0,0.9999,0.0
Testing/notumor/Te-no_208.jpg,notumor,notumor,1,0,0,0.0001,0.9999,0.0,0.0,0.9999,0.0
Testing/notumor/Te-no_209.jpg,notumor,notumor,1,0,0,0.0001,0.9999,0.0,0.0,0.9999,0.0
Testing/notumor/Te-no_21.jpg,notumor,notumor,1,0,0,0.0002,0.9998,0.0001,0.0001,0.9998,0.0001
Testing/notumor/Te-no_210.jpg,notumor,notumor,1,0,0,0.0002,0.9998,0.0001,0.0,0.9998,0.0001
Testing/notumor/Te-no_211.jpg,notumor,notumor,1,0,0,0.0001,0.9999,0.0,0.0,0.9999,0.0
Testing/notumor/Te-no_212.jpg,notumor,notumor,1,0,0,0.0001,0.9999,0.0,0.0,0.9999,0.0
Testing/notumor/Te-no_213.jpg,notumor,notumor,1,0,0,0.0002,0.9998,0.0001,0.0001,0.9998,0.0001
Testing/notumor/Te-no_214.jpg,notumor,notumor,1,0,0,0.0001,0.9999,0.0,0.0,0.9999,0.0
Testing/notumor/Te-no_215.jpg,notumor,notumor,1,0,0,0.0001,0.9999,0.0,0.0,0.9999,0.0
Testing/notumor/Te-no_216.jpg,notumor,notumor,1,0,0,0.0001,0.9999,0.0,0.0,0.9999,0.0
Testing/notumor/Te-no_217.jpg,notumor,notumor,1,0,0,0.0014,0.9986,0.0005,0.0006,0.9986,0.0003
Testing/notumor/Te-no_218.jpg,notumor,notumor,1,0,0,0.0001,0.9999,0.0,0.0,0.9999,0.0
Testing/notumor/Te-no_219.jpg,notumor,notumor,1,0,0,0.0001,0.9999,0.0,0.0,0.9999,0.0
Testing/notumor/Te-no_22.jpg,notumor,notumor,1,0,0,0.0001,0.9999,0.0,0.0,0.9999,0.0
Testing/notumor/Te-no_220.jpg,notumor,notumor,1,0,0,0.0001,0.9999,0.0,0.0,0.9999,0.0
Testing/notumor/Te-no_221.jpg,notumor,notumor,1,0,0,0.0001,0.9999,0.0,0.0,0.9999,0.0
Testing/notumor/Te-no_222.jpg,notumor,notumor,1,0,0,0.0001,0.9999,0.0,0.0,0.9999,0.0
Testing/notumor/Te-no_223.jpg,notumor,notumor,1,0,0,0.0001,0.9999,0.0,0.0,0.9999,0.0
Testing/notumor/Te-no_224.jpg,notumor,notumor,1,0,0,0.0002,0.9998,0.0001,0.0001,0.9998,0.0
Testing/notumor/Te-no_225.jpg,notumor,notumor,1,0,0,0.0001,0.9999,0.0,0.0,0.9999,0.0
Testing/notumor/Te-no_226.jpg,notumor,notumor,1,0,0,0.0001,0.9999,0.0,0.0,0.9999,0.0
Testing/notumor/Te-no_227.jpg,notumor,notumor,1,0,0,0.0001,0.9999,0.0,0.0,0.9999,0.0
Testing/notumor/Te-no_228.jpg,notumor,notumor,1,0,0,0.0001,0.9999,0.0,0.0,0.9999,0.0
Testing/notumor/Te-no_229.jpg,notumor,notumor,1,0,0,0.0001,0.9999,0.0,0.0,0.9999,0.0
Testing/notumor/Te-no_23.jpg,notumor,notumor,1,0,0,0.0038,0.9962,0.0034,0.0002,0.9962,0.0002
Testing/notumor/Te-no_230.jpg,notumor,notumor,1,0,0,0.0001,0.9999,0.0,0.0,0.9999,0.0
Testing/notumor/Te-no_231.jpg,notumor,notumor,1,0,0,0.0001,0.9999,0.0,0.0,0.9999,0.0
Testing/notumor/Te-no_232.jpg,notumor,notumor,1,0,0,0.0001,0.9999,0.0,0.0,0.9999,0.0
Testing/notumor/Te-no_233.jpg,notumor,notumor,1,0,0,0.0001,0.9999,0.0,0.0,0.9999,0.0
Testing/notumor/Te-no_234.jpg,notumor,notumor,1,0,0,0.0001,0.9999,0.0,0.0,0.9999,0.0
Testing/notumor/Te-no_235.jpg,notumor,notumor,1,0,0,0.0001,0.9999,0.0,0.0,0.9999,0.0
Testing/notumor/Te-no_236.jpg,notumor,notumor,1,0,0,0.0001,0.9999,0.0,0.0,0.9999,0.0
Testing/notumor/Te-no_237.jpg,notumor,notumor,1,0,0,0.0001,0.9999,0.0,0.0,0.9999,0.0
Testing/notumor/Te-no_238.jpg,notumor,notumor,1,0,0,0.0001,0.9999,0.0,0.0,0.9999,0.0
Testing/notumor/Te-no_239.jpg,notumor,notumor,1,0,0,0.0001,0.9999,0.0,0.0,0.9999,0.0
Testing/notumor/Te-no_24.jpg,notumor,notumor,1,0,0,0.0001,0.9999,0.0,0.0,0.9999,0.0
Testing/notumor/Te-no_240.jpg,notumor,notumor,1,0,0,0.0001,0.9999,0.0,0.0,0.9999,0.0
Testing/notumor/Te-no_241.jpg,notumor,notumor,1,0,0,0.0001,0.9999,0.0,0.0,0.9999,0.0
Testing/notumor/Te-no_242.jpg,notumor,notumor,1,0,0,0.0001,0.9999,0.0,0.0,0.9999,0.0
Testing/notumor/Te-no_243.jpg,notumor,notumor,1,0,0,0.0001,0.9999,0.0,0.0,0.9999,0.0
Testing/notumor/Te-no_244.jpg,notumor,notumor,1,0,0,0.0001,0.9999,0.0001,0.0001,0.9999,0.0
Testing/notumor/Te-no_245.jpg,notumor,notumor,1,0,0,0.0001,0.9999,0.0,0.0,0.9999,0.0
Testing/notumor/Te-no_246.jpg,notumor,notumor,1,0,0,0.0001,0.9999,0.0,0.0,0.9999,0.0
Testing/notumor/Te-no_247.jpg,notumor,notumor,1,0,0,0.0001,0.9999,0.0,0.0,0.9999,0.0
Testing/notumor/Te-no_248.jpg,notumor,notumor,1,0,0,0.0001,0.9999,0.0,0.0,0.9999,0.0
Testing/notumor/Te-no_249.jpg,notumor,notumor,1,0,0,0.0001,0.9999,0.0,0.0,0.9999,0.0
Testing/notumor/Te-no_25.jpg,notumor,notumor,1,0,0,0.0001,0.9999,0.0,0.0,0.9999,0.0
Testing/notumor/Te-no_250.jpg,notumor,notumor,1,0,0,0.0001,0.9999,0.0,0.0,0.9999,0.0
Testing/notumor/Te-no_251.jpg,notumor,notumor,1,0,0,0.0001,0.9999,0.0,0.0,0.9999,0.0
Testing/notumor/Te-no_252.jpg,notumor,notumor,1,0,0,0.0015,0.9985,0.0001,0.0012,0.9985,0.0003
Testing/notumor/Te-no_253.jpg,notumor,notumor,1,0,0,0.0001,0.9999,0.0,0.0,0.9999,0.0
Testing/notumor/Te-no_254.jpg,notumor,notumor,1,0,0,0.0002,0.9998,0.0,0.0001,0.9998,0.0
Testing/notumor/Te-no_255.jpg,notumor,notumor,1,0,0,0.0001,0.9999,0.0,0.0,0.9999,0.0
Testing/notumor/Te-no_256.jpg,notumor,notumor,1,0,0,0.0001,0.9999,0.0,0.0,0.9999,0.0
Testing/notumor/Te-no_257.jpg,notumor,notumor,1,0,0,0.0001,0.9999,0.0,0.0,0.9999,0.0
Testing/notumor/Te-no_258.jpg,notumor,notumor,1,0,0,0.0001,0.9999,0.0,0.0,0.9999,0.0
Testing/notumor/Te-no_259.jpg,notumor,notumor,1,0,0,0.0002,0.9998,0.0001,0.0,0.9998,0.0
Testing/notumor/Te-no_26.jpg,notumor,notumor,1,0,0,0.0001,0.9999,0.0,0.0,0.9999,0.0
Testing/notumor/Te-no_260.jpg,notumor,notumor,1,0,0,0.0001,0.9999,0.0,0.0001,0.9999,0.0
Testing/notumor/Te-no_261.jpg,notumor,notumor,1,0,0,0.0001,0.9999,0.0,0.0,0.9999,0.0
Testing/notumor/Te-no_262.jpg,notumor,notumor,1,0,0,0.0001,0.9999,0.0,0.0,0.9999,0.0
Testing/notumor/Te-no_263.jpg,notumor,notumor,1,0,0,0.0001,0.9999,0.0,0.0,0.9999,0.0
Testing/notumor/Te-no_264.jpg,notumor,notumor,1,0,0,0.0001,0.9999,0.0,0.0001,0.9999,0.0
Testing/notumor/Te-no_265.jpg,notumor,notumor,1,0,0,0.0001,0.9999,0.0,0.0,0.9999,0.0001
Testing/notumor/Te-no_266.jpg,notumor,notumor,1,0,0,0.0001,0.9999,0.0,0.0,0.9999,0.0
Testing/notumor/Te-no_267.jpg,notumor,notumor,1,0,0,0.0001,0.9999,0.0,0.0001,0.9999,0.0
Testing/notumor/Te-no_268.jpg,notumor,notumor,1,0,0,0.0001,0.9999,0.0,0.0,0.9999,0.0
Testing/notumor/Te-no_269.jpg,notumor,notumor,1,0,0,0.0001,0.9999,0.0,0.0,0.9999,0.0
Testing/notumor/Te-no_27.jpg,notumor,notumor,1,0,0,0.0001,0.9999,0.0,0.0,0.9999,0.0
Testing/notumor/Te-no_270.jpg,notumor,notumor,1,0,0,0.0001,0.9999,0.0,0.0001,0.9999,0.0
Testing/notumor/Te-no_271.jpg,notumor,notumor,1,0,0,0.0001,0.9999,0.0,0.0,0.9999,0.0
Testing/notumor/Te-no_272.jpg,notumor,notumor,1,0,0,0.0001,0.9999,0.0001,0.0,0.9999,0.0
Testing/notumor/Te-no_273.jpg,notumor,notumor,1,0,0,0.0001,0.9999,0.0,0.0,0.9999,0.0
Testing/notumor/Te-no_274.jpg,notumor,notumor,1,0,0,0.0001,0.9999,0.0,0.0,0.9999,0.0
Testing/notumor/Te-no_275.jpg,notumor,notumor,1,0,0,0.0001,0.9999,0.0,0.0,0.9999,0.0
Testing/notumor/Te-no_276.jpg,notumor,notumor,1,0,0,0.0001,0.9999,0.0,0.0,0.9999,0.0
Testing/notumor/Te-no_277.jpg,notumor,notumor,1,0,0,0.0001,0.9999,0.0,0.0,0.9999,0.0
Testing/notumor/Te-no_278.jpg,notumor,notumor,1,0,0,0.0001,0.9999,0.0,0.0001,0.9999,0.0
Testing/notumor/Te-no_279.jpg,notumor,notumor,1,0,0,0.0002,0.9998,0.0001,0.0001,0.9998,0.0001
Testing/notumor/Te-no_28.jpg,notumor,notumor,1,0,0,0.0001,0.9999,0.0,0.0,0.9999,0.0
Testing/notumor/Te-no_280.jpg,notumor,notumor,1,0,0,0.0002,0.9998,0.0001,0.0001,0.9998,0.0001
Testing/notumor/Te-no_281.jpg,notumor,notumor,1,0,0,0.0001,0.9999,0.0,0.0,0.9999,0.0
Testing/notumor/Te-no_282.jpg,notumor,notumor,1,0,0,0.0001,0.9999,0.0,0.0,0.9999,0.0
Testing/notumor/Te-no_283.jpg,notumor,notumor,1,0,0,0.0001,0.9999,0.0,0.0,0.9999,0.0
Testing/notumor/Te-no_284.jpg,notumor,notumor,1,0,0,0.0001,0.9999,0.0,0.0,0.9999,0.0
Testing/notumor/Te-no_285.jpg,notumor,notumor,1,0,0,0.0001,0.9999,0.0,0.0,0.9999,0.0
Testing/notumor/Te-no_286.jpg,notumor,notumor,1,0,0,0.0001,0.9999,0.0001,0.0,0.9999,0.0
Testing/notumor/Te-no_287.jpg,notumor,notumor,1,0,0,0.0001,0.9999,0.0,0.0,0.9999,0.0
Testing/notumor/Te-no_288.jpg,notumor,notumor,1,0,0,0.0001,0.9999,0.0,0.0,0.9999,0.0
Testing/notumor/Te-no_289.jpg,notumor,notumor,1,0,0,0.0001,0.9999,0.0,0.0,0.9999,0.0
Testing/notumor/Te-no_29.jpg,notumor,notumor,1,0,0,0.0034,0.9966,0.0015,0.0013,0.9966,0.0005
Testing/notumor/Te-no_290.jpg,notumor,notumor,1,0,0,0.0001,0.9999,0.0,0.0,0.9999,0.0
Testing/notumor/Te-no_291.jpg,notumor,notumor,1,0,0,0.0001,0.9999,0.0,0.0,0.9999,0.0
Testing/notumor/Te-no_292.jpg,notumor,notumor,1,0,0,0.0002,0.9998,0.0001,0.0001,0.9998,0.0001
Testing/notumor/Te-no_293.jpg,notumor,notumor,1,0,0,0.0001,0.9999,0.0,0.0,0.9999,0.0
Testing/notumor/Te-no_294.jpg,notumor,notumor,1,0,0,0.0001,0.9999,0.0,0.0,0.9999,0.0
Testing/notumor/Te-no_295.jpg,notumor,notumor,1,0,0,0.0001,0.9999,0.0,0.0,0.9999,0.0
Testing/notumor/Te-no_296.jpg,notumor,notumor,1,0,0,0.0001,0.9999,0.0,0.0,0.9999,0.0
Testing/notumor/Te-no_297.jpg,notumor,notumor,1,0,0,0.0001,0.9999,0.0001,0.0,0.9999,0.0
Testing/notumor/Te-no_298.jpg,notumor,notumor,1,0,0,0.0001,0.9999,0.0,0.0,0.9999,0.0
Testing/notumor/Te-no_299.jpg,notumor,notumor,1,0,0,0.0001,0.9999,0.0,0.0,0.9999,0.0
Testing/notumor/Te-no_3.jpg,notumor,notumor,1,0,0,0.0001,0.9999,0.0,0.0,0.9999,0.0
Testing/notumor/Te-no_30.jpg,notumor,notumor,1,0,0,0.0001,0.9999,0.0,0.0,0.9999,0.0
Testing/notumor/Te-no_300.jpg,notumor,notumor,1,0,0,0.0002,0.9998,0.0001,0.0001,0.9998,0.0001
Testing/notumor/Te-no_301.jpg,notumor,notumor,1,0,0,0.0001,0.9999,0.0,0.0,0.9999,0.0
Testing/notumor/Te-no_302.jpg,notumor,notumor,1,0,0,0.0001,0.9999,0.0,0.0,0.9999,0.0
Testing/notumor/Te-no_303.jpg,notumor,notumor,1,0,0,0.0001,0.9999,0.0,0.0,0.9999,0.0
Testing/notumor/Te-no_304.jpg,notumor,notumor,1,0,0,0.0001,0.9999,0.0,0.0,0.9999,0.0
Testing/notumor/Te-no_305.jpg,notumor,notumor,1,0,0,0.0001,0.9999,0.0,0.0,0.9999,0.0
Testing/notumor/Te-no_306.jpg,notumor,notumor,1,0,0,0.0002,0.9998,0.0001,0.0001,0.9998,0.0001
Testing/notumor/Te-no_307.jpg,notumor,notumor,1,0,0,0.0002,0.9998,0.0001,0.0001,0.9998,0.0
Testing/notumor/Te-no_308.jpg,notumor,notumor,1,0,0,0.0001,0.9999,0.0,0.0,0.9999,0.0
Testing/notumor/Te-no_309.jpg,notumor,notumor,1,0,0,0.0001,0.9999,0.0,0.0,0.9999,0.0
Testing/notumor/Te-no_31.jpg,notumor,notumor,1,0,0,0.0001,0.9999,0.0,0.0,0.9999,0.0
Testing/notumor/Te-no_310.jpg,notumor,notumor,1,0,0,0.0001,0.9999,0.0,0.0,0.9999,0.0
Testing/notumor/Te-no_311.jpg,notumor,notumor,1,0,0,0.0001,0.9999,0.0,0.0,0.9999,0.0
Testing/notumor/Te-no_312.jpg,notumor,notumor,1,0,0,0.0001,0.9999,0.0,0.0,0.9999,0.0
Testing/notumor/Te-no_313.jpg,notumor,notumor,1,0,0,0.0001,0.9999,0.0,0.0,0.9999,0.0
Testing/notumor/Te-no_314.jpg,notumor,notumor,1,0,0,0.0001,0.9999,0.0,0.0,0.9999,0.0
Testing/notumor/Te-no_316.jpg,notumor,notumor,1,0,0,0.0001,0.9999,0.0,0.0,0.9999,0.0
Testing/notumor/Te-no_317.jpg,notumor,notumor,1,0,0,0.0001,0.9999,0.0,0.0,0.9999,0.0
Testing/notumor/Te-no_318.jpg,notumor,notumor,1,0,0,0.0001,0.9999,0.0,0.0,0.9999,0.0
Testing/notumor/Te-no_319.jpg,notumor,notumor,1,0,0,0.0001,0.9999,0.0,0.0,0.9999,0.0
Testing/notumor/Te-no_32.jpg,notumor,notumor,1,0,0,0.0001,0.9999,0.0,0.0,0.9999,0.0
Testing/notumor/Te-no_320.jpg,notumor,notumor,1,0,0,0.0001,0.9999,0.0,0.0,0.9999,0.0
Testing/notumor/Te-no_321.jpg,notumor,notumor,1,0,0,0.0001,0.9999,0.0,0.0,0.9999,0.0
Testing/notumor/Te-no_322.jpg,notumor,notumor,1,0,0,0.0001,0.9999,0.0,0.0,0.9999,0.0
Testing/notumor/Te-no_323.jpg,notumor,notumor,1,0,0,0.0001,0.9999,0.0,0.0,0.9999,0.0
Testing/notumor/Te-no_324.jpg,notumor,notumor,1,0,0,0.0001,0.9999,0.0,0.0001,0.9999,0.0
Testing/notumor/Te-no_325.jpg,notumor,notumor,1,0,0,0.0001,0.9999,0.0,0.0,0.9999,0.0
Testing/notumor/Te-no_326.jpg,notumor,notumor,1,0,0,0.0001,0.9999,0.0,0.0,0.9999,0.0
Testing/notumor/Te-no_327.jpg,notumor,notumor,1,0,0,0.0001,0.9999,0.0,0.0,0.9999,0.0
Testing/notumor/Te-no_328.jpg,notumor,notumor,1,0,0,0.0001,0.9999,0.0,0.0,0.9999,0.0
Testing/notumor/Te-no_329.jpg,notumor,notumor,1,0,0,0.0001,0.9999,0.0,0.0,0.9999,0.0
Testing/notumor/Te-no_33.jpg,notumor,notumor,1,0,0,0.0001,0.9999,0.0,0.0,0.9999,0.0
Testing/notumor/Te-no_330.jpg,notumor,notumor,1,0,0,0.0001,0.9999,0.0,0.0,0.9999,0.0
Testing/notumor/Te-no_331.jpg,notumor,notumor,1,0,0,0.0001,0.9999,0.0,0.0,0.9999,0.0
Testing/notumor/Te-no_332.jpg,notumor,notumor,1,0,0,0.0001,0.9999,0.0,0.0,0.9999,0.0
Testing/notumor/Te-no_333.jpg,notumor,notumor,1,0,0,0.0001,0.9999,0.0,0.0,0.9999,0.0
Testing/notumor/Te-no_334.jpg,notumor,notumor,1,0,0,0.0001,0.9999,0.0,0.0,0.9999,0.0
Testing/notumor/Te-no_335.jpg,notumor,notumor,1,0,0,0.0002,0.9998,0.0001,0.0001,0.9998,0.0001
Testing/notumor/Te-no_336.jpg,notumor,notumor,1,0,0,0.0001,0.9999,0.0,0.0,0.9999,0.0
Testing/notumor/Te-no_337.jpg,notumor,notumor,1,0,0,0.0002,0.9998,0.0,0.0001,0.9998,0.0001
Testing/notumor/Te-no_338.jpg,notumor,notumor,1,0,0,0.0001,0.9999,0.0,0.0,0.9999,0.0
Testing/notumor/Te-no_339.jpg,notumor,notumor,1,0,0,0.0001,0.9999,0.0,0.0,0.9999,0.0
Testing/notumor/Te-no_34.jpg,notumor,notumor,1,0,0,0.0002,0.9998,0.0001,0.0,0.9998,0.0
Testing/notumor/Te-no_340.jpg,notumor,notumor,1,0,0,0.0001,0.9999,0.0,0.0,0.9999,0.0
Testing/notumor/Te-no_341.jpg,notumor,notumor,1,0,0,0.0001,0.9999,0.0,0.0,0.9999,0.0
Testing/notumor/Te-no_342.jpg,notumor,notumor,1,0,0,0.0001,0.9999,0.0,0.0,0.9999,0.0
Testing/notumor/Te-no_343.jpg,notumor,notumor,1,0,0,0.0002,0.9998,0.0001,0.0001,0.9998,0.0001
Testing/notumor/Te-no_344.jpg,notumor,notumor,1,0,0,0.0001,0.9999,0.0,0.0,0.9999,0.0
Testing/notumor/Te-no_345.jpg,notumor,notumor,1,0,0,0.0001,0.9999,0.0,0.0,0.9999,0.0
Testing/notumor/Te-no_346.jpg,notumor,notumor,1,0,0,0.0001,0.9999,0.0,0.0,0.9999,0.0
Testing/notumor/Te-no_347.jpg,notumor,notumor,1,0,0,0.0001,0.9999,0.0,0.0001,0.9999,0.0
Testing/notumor/Te-no_348.jpg,notumor,notumor,1,0,0,0.0001,0.9999,0.0,0.0,0.9999,0.0
Testing/notumor/Te-no_349.jpg,notumor,notumor,1,0,0,0.0001,0.9999,0.0,0.0,0.9999,0.0
Testing/notumor/Te-no_35.jpg,notumor,notumor,1,0,0,0.0001,0.9999,0.0,0.0,0.9999,0.0
Testing/notumor/Te-no_350.jpg,notumor,notumor,1,0,0,0.0001,0.9999,0.0,0.0,0.9999,0.0
Testing/notumor/Te-no_351.jpg,notumor,notumor,1,0,0,0.0001,0.9999,0.0,0.0,0.9999,0.0
Testing/notumor/Te-no_352.jpg,notumor,notumor,1,0,0,0.0036,0.9964,0.0015,0.0015,0.9964,0.0006
Testing/notumor/Te-no_353.jpg,notumor,notumor,1,0,0,0.0001,0.9999,0.0,0.0,0.9999,0.0
Testing/notumor/Te-no_354.jpg,notumor,notumor,1,0,0,0.0001,0.9999,0.0,0.0,0.9999,0.0
Testing/notumor/Te-no_355.jpg,notumor,notumor,1,0,0,0.0001,0.9999,0.0,0.0,0.9999,0.0
Testing/notumor/Te-no_356.jpg,notumor,notumor,1,0,0,0.0001,0.9999,0.0,0.0,0.9999,0.0
Testing/notumor/Te-no_357.jpg,notumor,notumor,1,0,0,0.0001,0.9999,0.0,0.0,0.9999,0.0
Testing/notumor/Te-no_358.jpg,notumor,notumor,1,0,0,0.0001,0.9999,0.0,0.0,0.9999,0.0
Testing/notumor/Te-no_359.jpg,notumor,notumor,1,0,0,0.0001,0.9999,0.0,0.0,0.9999,0.0
Testing/notumor/Te-no_36.jpg,notumor,notumor,1,0,0,0.0001,0.9999,0.0,0.0,0.9999,0.0
Testing/notumor/Te-no_360.jpg,notumor,notumor,1,0,0,0.0001,0.9999,0.0,0.0,0.9999,0.0
Testing/notumor/Te-no_361.jpg,notumor,notumor,1,0,0,0.0002,0.9998,0.0,0.0001,0.9998,0.0001
Testing/notumor/Te-no_362.jpg,notumor,notumor,1,0,0,0.0001,0.9999,0.0,0.0,0.9999,0.0
Testing/notumor/Te-no_363.jpg,notumor,notumor,1,0,0,0.0001,0.9999,0.0,0.0,0.9999,0.0
Testing/notumor/Te-no_364.jpg,notumor,notumor,1,0,0,0.0001,0.9999,0.0,0.0,0.9999,0.0
Testing/notumor/Te-no_366.jpg,notumor,notumor,1,0,0,0.0001,0.9999,0.0,0.0,0.9999,0.0
Testing/notumor/Te-no_367.jpg,notumor,notumor,1,0,0,0.0001,0.9999,0.0,0.0,0.9999,0.0
Testing/notumor/Te-no_368.jpg,notumor,notumor,1,0,0,0.0001,0.9999,0.0,0.0,0.9999,0.0
Testing/notumor/Te-no_369.jpg,notumor,notumor,1,0,0,0.0001,0.9999,0.0,0.0,0.9999,0.0
Testing/notumor/Te-no_37.jpg,notumor,notumor,1,0,0,0.0001,0.9999,0.0,0.0001,0.9999,0.0
Testing/notumor/Te-no_370.jpg,notumor,notumor,1,0,0,0.0001,0.9999,0.0,0.0001,0.9999,0.0
Testing/notumor/Te-no_371.jpg,notumor,notumor,1,0,0,0.0001,0.9999,0.0,0.0,0.9999,0.0
Testing/notumor/Te-no_372.jpg,notumor,notumor,1,0,0,0.0001,0.9999,0.0,0.0,0.9999,0.0
Testing/notumor/Te-no_373.jpg,notumor,notumor,1,0,0,0.0001,0.9999,0.0,0.0,0.9999,0.0
Testing/notumor/Te-no_374.jpg,notumor,notumor,1,0,0,0.0001,0.9999,0.0,0.0001,0.9999,0.0
Testing/notumor/Te-no_375.jpg,notumor,notumor,1,0,0,0.0001,0.9999,0.0,0.0,0.9999,0.0
Testing/notumor/Te-no_376.jpg,notumor,notumor,1,0,0,0.0001,0.9999,0.0,0.0,0.9999,0.0
Testing/notumor/Te-no_377.jpg,notumor,notumor,1,0,0,0.0004,0.9996,0.0001,0.0002,0.9996,0.0001
Testing/notumor/Te-no_378.jpg,notumor,notumor,1,0,0,0.0001,0.9999,0.0,0.0,0.9999,0.0
Testing/notumor/Te-no_379.jpg,notumor,notumor,1,0,0,0.0001,0.9999,0.0,0.0001,0.9999,0.0
Testing/notumor/Te-no_38.jpg,notumor,notumor,1,0,0,0.0039,0.9961,0.0017,0.0016,0.9961,0.0006
Testing/notumor/Te-no_380.jpg,notumor,notumor,1,0,0,0.0001,0.9999,0.0,0.0001,0.9999,0.0
Testing/notumor/Te-no_381.jpg,notumor,notumor,1,0,0,0.0001,0.9999,0.0,0.0,0.9999,0.0
Testing/notumor/Te-no_382.jpg,notumor,notumor,1,0,0,0.0001,0.9999,0.0,0.0,0.9999,0.0
Testing/notumor/Te-no_383.jpg,notumor,notumor,1,0,0,0.0001,0.9999,0.0,0.0,0.9999,0.0
Testing/notumor/Te-no_384.jpg,notumor,notumor,1,0,0,0.0001,0.9999,0.0,0.0,0.9999,0.0001
Testing/notumor/Te-no_385.jpg,notumor,notumor,1,0,0,0.0001,0.9999,0.0,0.0,0.9999,0.0
Testing/notumor/Te-no_386.jpg,notumor,notumor,1,0,0,0.0001,0.9999,0.0001,0.0001,0.9999,0.0
Testing/notumor/Te-no_387.jpg,notumor,notumor,1,0,0,0.0001,0.9999,0.0,0.0,0.9999,0.0
Testing/notumor/Te-no_388.jpg,notumor,notumor,1,0,0,0.0002,0.9998,0.0,0.0001,0.9998,0.0001
Testing/notumor/Te-no_389.jpg,notumor,notumor,1,0,0,0.0001,0.9999,0.0,0.0,0.9999,0.0
Testing/notumor/Te-no_39.jpg,notumor,notumor,1,0,0,0.0,1.0,0.0,0.0,1.0,0.0
Testing/notumor/Te-no_390.jpg,notumor,notumor,1,0,0,0.0001,0.9999,0.0001,0.0,0.9999,0.0
Testing/notumor/Te-no_391.jpg,notumor,notumor,1,0,0,0.0001,0.9999,0.0,0.0,0.9999,0.0
Testing/notumor/Te-no_392.jpg,notumor,notumor,1,0,0,0.0001,0.9999,0.0,0.0,0.9999,0.0
Testing/notumor/Te-no_393.jpg,notumor,notumor,1,0,0,0.0001,0.9999,0.0,0.0001,0.9999,0.0
Testing/notumor/Te-no_394.jpg,notumor,notumor,1,0,0,0.0001,0.9999,0.0,0.0,0.9999,0.0
Testing/notumor/Te-no_395.jpg,notumor,notumor,1,0,0,0.0001,0.9999,0.0,0.0,0.9999,0.0
Testing/notumor/Te-no_396.jpg,notumor,notumor,1,0,0,0.0001,0.9999,0.0,0.0,0.9999,0.0
Testing/notumor/Te-no_397.jpg,notumor,notumor,1,0,0,0.0001,0.9999,0.0,0.0,0.9999,0.0
Testing/notumor/Te-no_398.jpg,notumor,notumor,1,0,0,0.0001,0.9999,0.0,0.0,0.9999,0.0
Testing/notumor/Te-no_399.jpg,notumor,notumor,1,0,0,0.0001,0.9999,0.0,0.0,0.9999,0.0
Testing/notumor/Te-no_4.jpg,notumor,notumor,1,0,0,0.0001,0.9999,0.0,0.0,0.9999,0.0
Testing/notumor/Te-no_40.jpg,notumor,notumor,1,0,0,0.0001,0.9999,0.0,0.0,0.9999,0.0
Testing/notumor/Te-no_400.jpg,notumor,notumor,1,0,0,0.0001,0.9999,0.0,0.0001,0.9999,0.0
Testing/notumor/Te-no_41.jpg,notumor,notumor,1,0,0,0.0001,0.9999,0.0,0.0001,0.9999,0.0
Testing/notumor/Te-no_42.jpg,notumor,notumor,1,0,0,0.0001,0.9999,0.0,0.0,0.9999,0.0
Testing/notumor/Te-no_43.jpg,notumor,notumor,1,0,0,0.0002,0.9998,0.0,0.0001,0.9998,0.0
Testing/notumor/Te-no_44.jpg,notumor,notumor,1,0,0,0.0001,0.9999,0.0,0.0,0.9999,0.0
Testing/notumor/Te-no_45.jpg,notumor,notumor,1,0,0,0.0001,0.9999,0.0,0.0001,0.9999,0.0
Testing/notumor/Te-no_46.jpg,notumor,notumor,1,0,0,0.0002,0.9998,0.0,0.0001,0.9998,0.0001
Testing/notumor/Te-no_47.jpg,notumor,notumor,1,0,0,0.0001,0.9999,0.0,0.0,0.9999,0.0
Testing/notumor/Te-no_48.jpg,notumor,notumor,1,0,0,0.0001,0.9999,0.0,0.0,0.9999,0.0
Testing/notumor/Te-no_49.jpg,notumor,notumor,1,0,0,0.0002,0.9998,0.0001,0.0001,0.9998,0.0001
Testing/notumor/Te-no_5.jpg,notumor,notumor,1,0,0,0.0001,0.9999,0.0,0.0,0.9999,0.0
Testing/notumor/Te-no_50.jpg,notumor,notumor,1,0,0,0.0001,0.9999,0.0,0.0,0.9999,0.0
Testing/notumor/Te-no_51.jpg,notumor,notumor,1,0,0,0.0001,0.9999,0.0,0.0,0.9999,0.0
Testing/notumor/Te-no_52.jpg,notumor,notumor,1,0,0,0.0001,0.9999,0.0,0.0,0.9999,0.0
Testing/notumor/Te-no_53.jpg,notumor,notumor,1,0,0,0.0001,0.9999,0.0,0.0,0.9999,0.0
Testing/notumor/Te-no_54.jpg,notumor,notumor,1,0,0,0.0001,0.9999,0.0,0.0,0.9999,0.0
Testing/notumor/Te-no_55.jpg,notumor,notumor,1,0,0,0.0001,0.9999,0.0,0.0,0.9999,0.0
Testing/notumor/Te-no_56.jpg,notumor,notumor,1,0,0,0.0001,0.9999,0.0,0.0,0.9999,0.0
Testing/notumor/Te-no_57.jpg,notumor,notumor,1,0,0,0.0001,0.9999,0.0,0.0,0.9999,0.0
Testing/notumor/Te-no_58.jpg,notumor,notumor,1,0,0,0.0001,0.9999,0.0001,0.0,0.9999,0.0
Testing/notumor/Te-no_59.jpg,notumor,notumor,1,0,0,0.0001,0.9999,0.0,0.0,0.9999,0.0
Testing/notumor/Te-no_6.jpg,notumor,notumor,1,0,0,0.0001,0.9999,0.0,0.0,0.9999,0.0001
Testing/notumor/Te-no_60.jpg,notumor,notumor,1,0,0,0.0001,0.9999,0.0,0.0,0.9999,0.0
Testing/notumor/Te-no_61.jpg,notumor,notumor,1,0,0,0.0001,0.9999,0.0,0.0,0.9999,0.0
Testing/notumor/Te-no_62.jpg,notumor,notumor,1,0,0,0.0001,0.9999,0.0,0.0,0.9999,0.0
Testing/notumor/Te-no_63.jpg,notumor,notumor,1,0,0,0.0001,0.9999,0.0,0.0,0.9999,0.0
Testing/notumor/Te-no_64.jpg,notumor,notumor,1,0,0,0.0001,0.9999,0.0,0.0001,0.9999,0.0
Testing/notumor/Te-no_65.jpg,notumor,notumor,1,0,0,0.0056,0.9944,0.0003,0.0048,0.9944,0.0005
Testing/notumor/Te-no_66.jpg,notumor,notumor,1,0,0,0.0001,0.9999,0.0,0.0001,0.9999,0.0
Testing/notumor/Te-no_67.jpg,notumor,notumor,1,0,0,0.0001,0.9999,0.0,0.0,0.9999,0.0
Testing/notumor/Te-no_68.jpg,notumor,notumor,1,0,0,0.0001,0.9999,0.0,0.0,0.9999,0.0
Testing/notumor/Te-no_69.jpg,notumor,notumor,1,0,0,0.0001,0.9999,0.0,0.0,0.9999,0.0
Testing/notumor/Te-no_7.jpg,notumor,notumor,1,0,0,0.0001,0.9999,0.0,0.0,0.9999,0.0
Testing/notumor/Te-no_70.jpg,notumor,notumor,1,0,0,0.0001,0.9999,0.0,0.0,0.9999,0.0
Testing/notumor/Te-no_71.jpg,notumor,notumor,1,0,0,0.0001,0.9999,0.0,0.0,0.9999,0.0
Testing/notumor/Te-no_72.jpg,notumor,notumor,1,0,0,0.0001,0.9999,0.0,0.0,0.9999,0.0001
Testing/notumor/Te-no_73.jpg,notumor,notumor,1,0,0,0.0001,0.9999,0.0,0.0,0.9999,0.0
Testing/notumor/Te-no_74.jpg,notumor,notumor,1,0,0,0.0001,0.9999,0.0,0.0,0.9999,0.0
Testing/notumor/Te-no_75.jpg,notumor,notumor,1,0,0,0.0001,0.9999,0.0,0.0,0.9999,0.0
Testing/notumor/Te-no_76.jpg,notumor,notumor,1,0,0,0.0001,0.9999,0.0,0.0001,0.9999,0.0
Testing/notumor/Te-no_79.jpg,notumor,notumor,1,0,0,0.0001,0.9999,0.0,0.0,0.9999,0.0
Testing/notumor/Te-no_8.jpg,notumor,notumor,1,0,0,0.0001,0.9999,0.0001,0.0,0.9999,0.0
Testing/notumor/Te-no_80.jpg,notumor,notumor,1,0,0,0.0002,0.9998,0.0,0.0001,0.9998,0.0001
Testing/notumor/Te-no_81.jpg,notumor,notumor,1,0,0,0.0001,0.9999,0.0,0.0,0.9999,0.0
Testing/notumor/Te-no_82.jpg,notumor,notumor,1,0,0,0.0001,0.9999,0.0,0.0,0.9999,0.0
Testing/notumor/Te-no_83.jpg,notumor,notumor,1,0,0,0.0001,0.9999,0.0,0.0,0.9999,0.0
Testing/notumor/Te-no_84.jpg,notumor,notumor,1,0,0,0.0001,0.9999,0.0,0.0,0.9999,0.0
Testing/notumor/Te-no_85.jpg,notumor,notumor,1,0,0,0.0001,0.9999,0.0,0.0,0.9999,0.0
Testing/notumor/Te-no_86.jpg,notumor,notumor,1,0,0,0.0001,0.9999,0.0,0.0,0.9999,0.0
Testing/notumor/Te-no_87.jpg,notumor,notumor,1,0,0,0.0001,0.9999,0.0,0.0,0.9999,0.0
Testing/notumor/Te-no_88.jpg,notumor,notumor,1,0,0,0.0001,0.9999,0.0,0.0001,0.9999,0.0
Testing/notumor/Te-no_89.jpg,notumor,notumor,1,0,0,0.0001,0.9999,0.0001,0.0,0.9999,0.0
Testing/notumor/Te-no_9.jpg,notumor,notumor,1,0,0,0.0896,0.9104,0.0,0.0888,0.9104,0.0008
Testing/notumor/Te-no_90.jpg,notumor,notumor,1,0,0,0.0001,0.9999,0.0,0.0,0.9999,0.0
Testing/notumor/Te-no_91.jpg,notumor,notumor,1,0,0,0.0001,0.9999,0.0,0.0,0.9999,0.0
Testing/notumor/Te-no_93.jpg,notumor,notumor,1,0,0,0.0001,0.9999,0.0,0.0,0.9999,0.0
Testing/notumor/Te-no_94.jpg,notumor,notumor,1,0,0,0.0001,0.9999,0.0,0.0,0.9999,0.0
Testing/notumor/Te-no_95.jpg,notumor,notumor,1,0,0,0.0001,0.9999,0.0,0.0,0.9999,0.0
Testing/notumor/Te-no_96.jpg,notumor,notumor,1,0,0,0.0001,0.9999,0.0,0.0,0.9999,0.0
Testing/notumor/Te-no_97.jpg,notumor,notumor,1,0,0,0.0001,0.9999,0.0,0.0,0.9999,0.0
Testing/notumor/Te-no_98.jpg,notumor,notumor,1,0,0,0.0001,0.9999,0.0,0.0001,0.9999,0.0
Testing/notumor/Te-no_99.jpg,notumor,notumor,1,0,0,0.0001,0.9999,0.0,0.0001,0.9999,0.0
Testing/pituitary/Te-pi_1.jpg,pituitary,pituitary,1,1,1,0.9998,0.999,0.0001,0.0008,0.0002,0.999
Testing/pituitary/Te-pi_10.jpg,pituitary,pituitary,1,1,1,1.0,0.9999,0.0,0.0,0.0,0.9999
Testing/pituitary/Te-pi_100.jpg,pituitary,pituitary,1,1,1,1.0,0.9999,0.0,0.0,0.0,0.9999
Testing/pituitary/Te-pi_101.jpg,pituitary,pituitary,1,1,1,1.0,0.9999,0.0,0.0,0.0,0.9999
Testing/pituitary/Te-pi_102.jpg,pituitary,pituitary,1,1,1,1.0,0.9999,0.0,0.0,0.0,0.9999
Testing/pituitary/Te-pi_103.jpg,pituitary,pituitary,1,1,1,1.0,0.9999,0.0,0.0,0.0,0.9999
Testing/pituitary/Te-pi_104.jpg,pituitary,pituitary,1,1,1,1.0,0.9999,0.0,0.0,0.0,0.9999
Testing/pituitary/Te-pi_105.jpg,pituitary,pituitary,1,1,1,1.0,0.9999,0.0001,0.0,0.0,0.9999
Testing/pituitary/Te-pi_106.jpg,pituitary,pituitary,1,1,1,1.0,0.9999,0.0,0.0,0.0,0.9999
Testing/pituitary/Te-pi_107.jpg,pituitary,pituitary,1,1,1,1.0,1.0,0.0,0.0,0.0,1.0
Testing/pituitary/Te-pi_108.jpg,pituitary,pituitary,1,1,1,1.0,0.9999,0.0,0.0,0.0,0.9999
Testing/pituitary/Te-pi_109.jpg,pituitary,pituitary,1,1,1,1.0,0.9999,0.0,0.0,0.0,0.9999
Testing/pituitary/Te-pi_11.jpg,pituitary,pituitary,1,1,1,1.0,0.9999,0.0,0.0,0.0,0.9999
Testing/pituitary/Te-pi_110.jpg,pituitary,pituitary,1,1,1,1.0,0.9999,0.0,0.0,0.0,0.9999
Testing/pituitary/Te-pi_111.jpg,pituitary,pituitary,1,1,1,1.0,0.9999,0.0,0.0,0.0,0.9999
Testing/pituitary/Te-pi_112.jpg,pituitary,pituitary,1,1,1,1.0,0.9999,0.0,0.0,0.0,0.9999
Testing/pituitary/Te-pi_113.jpg,pituitary,pituitary,1,1,1,1.0,0.9999,0.0,0.0,0.0,0.9999
Testing/pituitary/Te-pi_114.jpg,pituitary,pituitary,1,1,1,1.0,0.9999,0.0,0.0,0.0,0.9999
Testing/pituitary/Te-pi_115.jpg,pituitary,pituitary,1,1,1,1.0,0.9999,0.0,0.0,0.0,0.9999
Testing/pituitary/Te-pi_116.jpg,pituitary,pituitary,1,1,1,1.0,0.9999,0.0,0.0001,0.0,0.9999
Testing/pituitary/Te-pi_117.jpg,pituitary,pituitary,1,1,1,0.9999,0.9997,0.0001,0.0001,0.0001,0.9997
Testing/pituitary/Te-pi_118.jpg,pituitary,pituitary,1,1,1,1.0,0.9999,0.0,0.0,0.0,0.9999
Testing/pituitary/Te-pi_119.jpg,pituitary,pituitary,1,1,1,1.0,0.9998,0.0,0.0001,0.0,0.9998
Testing/pituitary/Te-pi_12.jpg,pituitary,pituitary,1,1,1,1.0,0.9999,0.0,0.0,0.0,0.9999
Testing/pituitary/Te-pi_120.jpg,pituitary,pituitary,1,1,1,1.0,0.9999,0.0,0.0,0.0,0.9999
Testing/pituitary/Te-pi_121.jpg,pituitary,pituitary,1,1,1,1.0,0.9999,0.0,0.0,0.0,0.9999
Testing/pituitary/Te-pi_122.jpg,pituitary,pituitary,1,1,1,1.0,0.9999,0.0,0.0,0.0,0.9999
Testing/pituitary/Te-pi_123.jpg,pituitary,pituitary,1,1,1,1.0,0.9999,0.0,0.0,0.0,0.9999
Testing/pituitary/Te-pi_124.jpg,pituitary,pituitary,1,1,1,1.0,0.9999,0.0,0.0,0.0,0.9999
Testing/pituitary/Te-pi_125.jpg,pituitary,pituitary,1,1,1,1.0,0.9999,0.0,0.0,0.0,0.9999
Testing/pituitary/Te-pi_126.jpg,pituitary,pituitary,1,1,1,1.0,0.9999,0.0,0.0,0.0,0.9999
Testing/pituitary/Te-pi_127.jpg,pituitary,pituitary,1,1,1,1.0,0.9999,0.0,0.0,0.0,0.9999
Testing/pituitary/Te-pi_128.jpg,pituitary,pituitary,1,1,1,1.0,0.9999,0.0,0.0,0.0,0.9999
Testing/pituitary/Te-pi_129.jpg,pituitary,pituitary,1,1,1,1.0,0.9999,0.0,0.0,0.0,0.9999
Testing/pituitary/Te-pi_13.jpg,pituitary,pituitary,1,1,1,0.9998,0.9991,0.0001,0.0006,0.0002,0.9991
Testing/pituitary/Te-pi_130.jpg,pituitary,pituitary,1,1,1,1.0,0.9998,0.0,0.0001,0.0,0.9998
Testing/pituitary/Te-pi_131.jpg,pituitary,pituitary,1,1,1,1.0,0.9999,0.0001,0.0,0.0,0.9999
Testing/pituitary/Te-pi_132.jpg,pituitary,pituitary,1,1,1,1.0,0.9999,0.0,0.0,0.0,0.9999
Testing/pituitary/Te-pi_133.jpg,pituitary,pituitary,1,1,1,1.0,0.9999,0.0,0.0,0.0,0.9999
Testing/pituitary/Te-pi_134.jpg,pituitary,pituitary,1,1,1,0.9887,0.9698,0.0021,0.0168,0.0113,0.9698
Testing/pituitary/Te-pi_135.jpg,pituitary,pituitary,1,1,1,1.0,0.9999,0.0,0.0,0.0,0.9999
Testing/pituitary/Te-pi_136.jpg,pituitary,pituitary,1,1,1,1.0,0.9999,0.0,0.0,0.0,0.9999
Testing/pituitary/Te-pi_137.jpg,pituitary,pituitary,1,1,1,0.9996,0.9967,0.0005,0.0024,0.0004,0.9967
Testing/pituitary/Te-pi_138.jpg,pituitary,pituitary,1,1,1,1.0,0.9999,0.0,0.0001,0.0,0.9999
Testing/pituitary/Te-pi_139.jpg,pituitary,pituitary,1,1,1,1.0,0.9999,0.0,0.0,0.0,0.9999
Testing/pituitary/Te-pi_14.jpg,pituitary,pituitary,1,1,1,1.0,0.9999,0.0,0.0,0.0,0.9999
Testing/pituitary/Te-pi_140.jpg,pituitary,pituitary,1,1,1,0.9999,0.9993,0.0004,0.0002,0.0001,0.9993
Testing/pituitary/Te-pi_141.jpg,pituitary,pituitary,1,1,1,1.0,0.9999,0.0,0.0,0.0,0.9999
Testing/pituitary/Te-pi_142.jpg,pituitary,pituitary,1,1,1,1.0,0.9999,0.0,0.0001,0.0,0.9999
Testing/pituitary/Te-pi_143.jpg,pituitary,pituitary,1,1,1,1.0,0.9999,0.0,0.0001,0.0,0.9999
Testing/pituitary/Te-pi_144.jpg,pituitary,pituitary,1,1,1,1.0,0.9999,0.0,0.0,0.0,0.9999
Testing/pituitary/Te-pi_145.jpg,pituitary,pituitary,1,1,1,1.0,0.9999,0.0,0.0,0.0,0.9999
Testing/pituitary/Te-pi_146.jpg,pituitary,pituitary,1,1,1,1.0,0.9999,0.0,0.0,0.0,0.9999
Testing/pituitary/Te-pi_147.jpg,pituitary,pituitary,1,1,1,1.0,0.9999,0.0,0.0001,0.0,0.9999
Testing/pituitary/Te-pi_148.jpg,pituitary,pituitary,1,1,1,1.0,0.9999,0.0,0.0,0.0,0.9999
Testing/pituitary/Te-pi_149.jpg,pituitary,pituitary,1,1,1,1.0,0.9998,0.0001,0.0,0.0,0.9998
Testing/pituitary/Te-pi_15.jpg,pituitary,pituitary,1,1,1,1.0,0.9999,0.0,0.0,0.0,0.9999
Testing/pituitary/Te-pi_150.jpg,pituitary,pituitary,1,1,1,1.0,0.9999,0.0,0.0,0.0,0.9999
Testing/pituitary/Te-pi_151.jpg,pituitary,pituitary,1,1,1,1.0,0.9999,0.0,0.0001,0.0,0.9999
Testing/pituitary/Te-pi_152.jpg,pituitary,pituitary,1,1,1,1.0,0.9999,0.0,0.0,0.0,0.9999
Testing/pituitary/Te-pi_153.jpg,pituitary,pituitary,1,1,1,1.0,0.9999,0.0,0.0,0.0,0.9999
Testing/pituitary/Te-pi_154.jpg,pituitary,pituitary,1,1,1,1.0,0.9999,0.0,0.0,0.0,0.9999
Testing/pituitary/Te-pi_155.jpg,pituitary,pituitary,1,1,1,1.0,0.9999,0.0,0.0001,0.0,0.9999
Testing/pituitary/Te-pi_156.jpg,pituitary,pituitary,1,1,1,1.0,0.9999,0.0,0.0,0.0,0.9999
Testing/pituitary/Te-pi_157.jpg,pituitary,pituitary,1,1,1,1.0,0.9999,0.0001,0.0,0.0,0.9999
Testing/pituitary/Te-pi_158.jpg,pituitary,pituitary,1,1,1,1.0,0.9999,0.0,0.0,0.0,0.9999
Testing/pituitary/Te-pi_159.jpg,pituitary,pituitary,1,1,1,1.0,0.9999,0.0,0.0001,0.0,0.9999
Testing/pituitary/Te-pi_16.jpg,pituitary,pituitary,1,1,1,1.0,0.9999,0.0,0.0,0.0,0.9999
Testing/pituitary/Te-pi_160.jpg,pituitary,pituitary,1,1,1,1.0,0.9999,0.0,0.0,0.0,0.9999
Testing/pituitary/Te-pi_161.jpg,pituitary,pituitary,1,1,1,1.0,0.9999,0.0,0.0,0.0,0.9999
Testing/pituitary/Te-pi_162.jpg,pituitary,pituitary,1,1,1,1.0,0.9999,0.0,0.0001,0.0,0.9999
Testing/pituitary/Te-pi_163.jpg,pituitary,pituitary,1,1,1,1.0,0.9999,0.0,0.0,0.0,0.9999
Testing/pituitary/Te-pi_164.jpg,pituitary,pituitary,1,1,1,1.0,0.9999,0.0,0.0,0.0,0.9999
Testing/pituitary/Te-pi_165.jpg,pituitary,pituitary,1,1,1,1.0,0.9999,0.0,0.0,0.0,0.9999
Testing/pituitary/Te-pi_166.jpg,pituitary,pituitary,1,1,1,1.0,0.9999,0.0,0.0,0.0,0.9999
Testing/pituitary/Te-pi_167.jpg,pituitary,pituitary,1,1,1,0.9996,0.9758,0.001,0.0228,0.0004,0.9758
Testing/pituitary/Te-pi_168.jpg,pituitary,pituitary,1,1,1,1.0,0.9999,0.0,0.0001,0.0,0.9999
Testing/pituitary/Te-pi_169.jpg,pituitary,pituitary,1,1,1,0.9999,0.9999,0.0,0.0,0.0001,0.9999
Testing/pituitary/Te-pi_17.jpg,pituitary,pituitary,1,1,1,1.0,0.9999,0.0,0.0,0.0,0.9999
Testing/pituitary/Te-pi_170.jpg,pituitary,pituitary,1,1,1,1.0,0.9999,0.0,0.0,0.0,0.9999
Testing/pituitary/Te-pi_171.jpg,pituitary,pituitary,1,1,1,1.0,0.9999,0.0,0.0,0.0,0.9999
Testing/pituitary/Te-pi_172.jpg,pituitary,pituitary,1,1,1,1.0,0.9999,0.0,0.0,0.0,0.9999
Testing/pituitary/Te-pi_173.jpg,pituitary,pituitary,1,1,1,1.0,0.9999,0.0,0.0,0.0,0.9999
Testing/pituitary/Te-pi_174.jpg,pituitary,pituitary,1,1,1,1.0,0.9999,0.0,0.0,0.0,0.9999
Testing/pituitary/Te-pi_175.jpg,pituitary,pituitary,1,1,1,1.0,0.9999,0.0,0.0001,0.0,0.9999
Testing/pituitary/Te-pi_176.jpg,pituitary,pituitary,1,1,1,1.0,0.9999,0.0,0.0,0.0,0.9999
Testing/pituitary/Te-pi_177.jpg,pituitary,pituitary,1,1,1,1.0,0.9999,0.0,0.0,0.0,0.9999
Testing/pituitary/Te-pi_178.jpg,pituitary,pituitary,1,1,1,0.9999,0.9999,0.0,0.0001,0.0001,0.9999
Testing/pituitary/Te-pi_179.jpg,pituitary,pituitary,1,1,1,1.0,0.9999,0.0,0.0,0.0,0.9999
Testing/pituitary/Te-pi_18.jpg,pituitary,pituitary,1,1,1,1.0,0.9999,0.0,0.0,0.0,0.9999
Testing/pituitary/Te-pi_180.jpg,pituitary,pituitary,1,1,1,1.0,0.9999,0.0,0.0,0.0,0.9999
Testing/pituitary/Te-pi_181.jpg,pituitary,pituitary,1,1,1,1.0,0.9999,0.0,0.0,0.0,0.9999
Testing/pituitary/Te-pi_182.jpg,pituitary,pituitary,1,1,1,0.9997,0.999,0.0003,0.0004,0.0003,0.999
Testing/pituitary/Te-pi_183.jpg,pituitary,pituitary,1,1,1,1.0,0.9999,0.0,0.0,0.0,0.9999
Testing/pituitary/Te-pi_184.jpg,pituitary,pituitary,1,1,1,1.0,0.9999,0.0,0.0,0.0,0.9999
Testing/pituitary/Te-pi_185.jpg,pituitary,pituitary,1,1,1,1.0,0.9998,0.0,0.0001,0.0,0.9998
Testing/pituitary/Te-pi_186.jpg,pituitary,pituitary,1,1,1,1.0,0.9999,0.0,0.0,0.0,0.9999
Testing/pituitary/Te-pi_187.jpg,pituitary,pituitary,1,1,1,1.0,0.9999,0.0,0.0,0.0,0.9999
Testing/pituitary/Te-pi_188.jpg,pituitary,pituitary,1,1,1,1.0,0.9999,0.0,0.0,0.0,0.9999
Testing/pituitary/Te-pi_189.jpg,pituitary,pituitary,1,1,1,1.0,0.9999,0.0,0.0,0.0,0.9999
Testing/pituitary/Te-pi_19.jpg,pituitary,pituitary,1,1,1,1.0,0.9999,0.0,0.0001,0.0,0.9999
Testing/pituitary/Te-pi_190.jpg,pituitary,pituitary,1,1,1,1.0,0.9999,0.0,0.0,0.0,0.9999
Testing/pituitary/Te-pi_191.jpg,pituitary,pituitary,1,1,1,0.9999,0.9999,0.0,0.0,0.0001,0.9999
Testing/pituitary/Te-pi_192.jpg,pituitary,pituitary,1,1,1,1.0,0.9999,0.0,0.0001,0.0,0.9999
Testing/pituitary/Te-pi_193.jpg,pituitary,pituitary,1,1,1,1.0,0.9999,0.0,0.0001,0.0,0.9999
Testing/pituitary/Te-pi_194.jpg,pituitary,pituitary,1,1,1,1.0,0.9999,0.0,0.0,0.0,0.9999
Testing/pituitary/Te-pi_195.jpg,pituitary,pituitary,1,1,1,1.0,0.9999,0.0,0.0,0.0,0.9999
Testing/pituitary/Te-pi_196.jpg,pituitary,pituitary,1,1,1,1.0,0.9999,0.0,0.0,0.0,0.9999
Testing/pituitary/Te-pi_197.jpg,pituitary,pituitary,1,1,1,1.0,0.9999,0.0,0.0,0.0,0.9999
Testing/pituitary/Te-pi_198.jpg,pituitary,pituitary,1,1,1,1.0,0.9999,0.0,0.0,0.0,0.9999
Testing/pituitary/Te-pi_199.jpg,pituitary,pituitary,1,1,1,1.0,0.9999,0.0,0.0,0.0,0.9999
Testing/pituitary/Te-pi_2.jpg,pituitary,pituitary,1,1,1,0.9999,0.9995,0.0,0.0004,0.0001,0.9995
Testing/pituitary/Te-pi_20.jpg,pituitary,pituitary,1,1,1,1.0,0.9999,0.0,0.0,0.0,0.9999
Testing/pituitary/Te-pi_200.jpg,pituitary,pituitary,1,1,1,1.0,0.9999,0.0,0.0,0.0,0.9999
Testing/pituitary/Te-pi_201.jpg,pituitary,pituitary,1,1,1,1.0,0.9999,0.0,0.0,0.0,0.9999
Testing/pituitary/Te-pi_202.jpg,pituitary,pituitary,1,1,1,1.0,0.9999,0.0,0.0,0.0,0.9999
Testing/pituitary/Te-pi_203.jpg,pituitary,pituitary,1,1,1,0.9999,0.9998,0.0,0.0001,0.0001,0.9998
Testing/pituitary/Te-pi_204.jpg,pituitary,pituitary,1,1,1,1.0,0.9999,0.0,0.0,0.0,0.9999
Testing/pituitary/Te-pi_205.jpg,pituitary,pituitary,1,1,1,1.0,0.9999,0.0,0.0,0.0,0.9999
Testing/pituitary/Te-pi_206.jpg,pituitary,pituitary,1,1,1,0.9987,0.9283,0.0002,0.0702,0.0013,0.9283
Testing/pituitary/Te-pi_207.jpg,pituitary,pituitary,1,1,1,1.0,0.9999,0.0,0.0,0.0,0.9999
Testing/pituitary/Te-pi_208.jpg,pituitary,pituitary,1,1,1,1.0,0.9999,0.0001,0.0,0.0,0.9999
Testing/pituitary/Te-pi_209.jpg,pituitary,pituitary,1,1,1,1.0,0.9998,0.0,0.0001,0.0,0.9998
Testing/pituitary/Te-pi_21.jpg,pituitary,pituitary,1,1,1,1.0,0.9999,0.0,0.0,0.0,0.9999
Testing/pituitary/Te-pi_210.jpg,pituitary,pituitary,1,1,1,1.0,0.9999,0.0,0.0,0.0,0.9999
Testing/pituitary/Te-pi_211.jpg,pituitary,pituitary,1,1,1,1.0,0.9999,0.0,0.0001,0.0,0.9999
Testing/pituitary/Te-pi_212.jpg,pituitary,pituitary,1,1,1,0.9996,0.9737,0.001,0.0249,0.0004,0.9737
Testing/pituitary/Te-pi_213.jpg,pituitary,pituitary,1,1,1,1.0,0.9999,0.0,0.0,0.0,0.9999
Testing/pituitary/Te-pi_214.jpg,pituitary,pituitary,1,1,1,1.0,0.9999,0.0,0.0,0.0,0.9999
Testing/pituitary/Te-pi_215.jpg,pituitary,pituitary,1,1,1,1.0,0.9999,0.0,0.0,0.0,0.9999
Testing/pituitary/Te-pi_216.jpg,pituitary,pituitary,1,1,1,1.0,0.9999,0.0,0.0,0.0,0.9999
Testing/pituitary/Te-pi_217.jpg,pituitary,pituitary,1,1,1,0.9994,0.998,0.0006,0.0008,0.0006,0.998
Testing/pituitary/Te-pi_218.jpg,pituitary,pituitary,1,1,1,1.0,0.9999,0.0,0.0001,0.0,0.9999
Testing/pituitary/Te-pi_219.jpg,pituitary,pituitary,1,1,1,0.9999,0.9995,0.0,0.0003,0.0001,0.9995
Testing/pituitary/Te-pi_22.jpg,pituitary,pituitary,1,1,1,1.0,0.9999,0.0,0.0,0.0,0.9999
Testing/pituitary/Te-pi_220.jpg,pituitary,pituitary,1,1,1,1.0,0.9999,0.0,0.0,0.0,0.9999
Testing/pituitary/Te-pi_221.jpg,pituitary,pituitary,1,1,1,0.9999,0.9999,0.0,0.0,0.0001,0.9999
Testing/pituitary/Te-pi_222.jpg,pituitary,pituitary,1,1,1,1.0,0.9999,0.0,0.0,0.0,0.9999
Testing/pituitary/Te-pi_223.jpg,pituitary,pituitary,1,1,1,0.9998,0.9995,0.0001,0.0003,0.0002,0.9995
Testing/pituitary/Te-pi_224.jpg,pituitary,pituitary,1,1,1,1.0,0.9999,0.0,0.0,0.0,0.9999
Testing/pituitary/Te-pi_225.jpg,pituitary,pituitary,1,1,1,0.9999,0.9996,0.0001,0.0002,0.0001,0.9996
Testing/pituitary/Te-pi_226.jpg,pituitary,pituitary,1,1,1,1.0,0.9999,0.0,0.0,0.0,0.9999
Testing/pituitary/Te-pi_227.jpg,pituitary,pituitary,1,1,1,0.9999,0.9999,0.0,0.0,0.0001,0.9999
Testing/pituitary/Te-pi_228.jpg,pituitary,pituitary,1,1,1,0.9999,0.9998,0.0001,0.0,0.0001,0.9998
Testing/pituitary/Te-pi_229.jpg,pituitary,pituitary,1,1,1,1.0,1.0,0.0,0.0,0.0,1.0
Testing/pituitary/Te-pi_23.jpg,pituitary,pituitary,1,1,1,1.0,0.9998,0.0,0.0001,0.0,0.9998
Testing/pituitary/Te-pi_230.jpg,pituitary,pituitary,1,1,1,1.0,0.9999,0.0,0.0,0.0,0.9999
Testing/pituitary/Te-pi_231.jpg,pituitary,pituitary,1,1,1,1.0,0.9999,0.0,0.0,0.0,0.9999
Testing/pituitary/Te-pi_232.jpg,pituitary,pituitary,1,1,1,1.0,0.9999,0.0,0.0001,0.0,0.9999
Testing/pituitary/Te-pi_233.jpg,pituitary,pituitary,1,1,1,0.9999,0.9995,0.0001,0.0003,0.0001,0.9995
Testing/pituitary/Te-pi_234.jpg,pituitary,pituitary,1,1,1,1.0,0.9998,0.0,0.0001,0.0,0.9998
Testing/pituitary/Te-pi_235.jpg,pituitary,pituitary,1,1,1,1.0,0.9999,0.0,0.0,0.0,0.9999
Testing/pituitary/Te-pi_236.jpg,pituitary,pituitary,1,1,1,0.9999,0.9996,0.0001,0.0002,0.0001,0.9996
Testing/pituitary/Te-pi_237.jpg,pituitary,pituitary,1,1,1,1.0,0.9999,0.0001,0.0,0.0,0.9999
Testing/pituitary/Te-pi_238.jpg,pituitary,pituitary,1,1,1,1.0,0.9999,0.0,0.0,0.0,0.9999
Testing/pituitary/Te-pi_239.jpg,pituitary,pituitary,1,1,1,1.0,0.9999,0.0,0.0,0.0,0.9999
Testing/pituitary/Te-pi_24.jpg,pituitary,pituitary,1,1,1,1.0,0.9999,0.0,0.0,0.0,0.9999
Testing/pituitary/Te-pi_240.jpg,pituitary,pituitary,1,1,1,1.0,0.9999,0.0,0.0,0.0,0.9999
Testing/pituitary/Te-pi_241.jpg,pituitary,pituitary,1,1,1,1.0,0.9999,0.0,0.0,0.0,0.9999
Testing/pituitary/Te-pi_242.jpg,pituitary,pituitary,1,1,1,1.0,0.9999,0.0,0.0,0.0,0.9999
Testing/pituitary/Te-pi_243.jpg,pituitary,pituitary,1,1,1,1.0,0.9998,0.0,0.0001,0.0,0.9998
Testing/pituitary/Te-pi_244.jpg,pituitary,pituitary,1,1,1,1.0,0.9998,0.0,0.0001,0.0,0.9998
Testing/pituitary/Te-pi_245.jpg,pituitary,pituitary,1,1,1,0.9999,0.9998,0.0,0.0,0.0001,0.9998
Testing/pituitary/Te-pi_246.jpg,pituitary,pituitary,1,1,1,1.0,0.9999,0.0,0.0,0.0,0.9999
Testing/pituitary/Te-pi_247.jpg,pituitary,pituitary,1,1,1,0.9999,0.9998,0.0,0.0001,0.0001,0.9998
Testing/pituitary/Te-pi_248.jpg,pituitary,pituitary,1,1,1,1.0,0.9999,0.0,0.0,0.0,0.9999
Testing/pituitary/Te-pi_249.jpg,pituitary,pituitary,1,1,1,0.9995,0.9991,0.0003,0.0001,0.0005,0.9991
Testing/pituitary/Te-pi_25.jpg,pituitary,pituitary,1,1,1,1.0,0.9999,0.0,0.0,0.0,0.9999
Testing/pituitary/Te-pi_250.jpg,pituitary,pituitary,1,1,1,1.0,0.9999,0.0,0.0,0.0,0.9999
Testing/pituitary/Te-pi_251.jpg,pituitary,pituitary,1,1,1,1.0,0.9999,0.0,0.0,0.0,0.9999
Testing/pituitary/Te-pi_252.jpg,pituitary,pituitary,1,1,1,1.0,0.9999,0.0,0.0,0.0,0.9999
Testing/pituitary/Te-pi_253.jpg,pituitary,pituitary,1,1,1,1.0,0.9999,0.0,0.0,0.0,0.9999
Testing/pituitary/Te-pi_254.jpg,pituitary,pituitary,1,1,1,0.9999,0.999,0.0003,0.0006,0.0001,0.999
Testing/pituitary/Te-pi_255.jpg,pituitary,pituitary,1,1,1,1.0,0.9999,0.0,0.0001,0.0,0.9999
Testing/pituitary/Te-pi_256.jpg,pituitary,pituitary,1,1,1,0.9996,0.9984,0.0002,0.001,0.0004,0.9984
Testing/pituitary/Te-pi_257.jpg,pituitary,pituitary,1,1,1,1.0,0.9999,0.0,0.0,0.0,0.9999
Testing/pituitary/Te-pi_258.jpg,pituitary,pituitary,1,1,1,0.9999,0.9999,0.0001,0.0,0.0001,0.9999
Testing/pituitary/Te-pi_259.jpg,pituitary,pituitary,1,1,1,1.0,0.9999,0.0,0.0,0.0,0.9999
Testing/pituitary/Te-pi_26.jpg,pituitary,pituitary,1,1,1,1.0,0.9998,0.0001,0.0001,0.0,0.9998
Testing/pituitary/Te-pi_260.jpg,pituitary,pituitary,1,1,1,1.0,0.9999,0.0,0.0,0.0,0.9999
Testing/pituitary/Te-pi_261.jpg,pituitary,pituitary,1,1,1,0.9996,0.9917,0.0013,0.0066,0.0004,0.9917
Testing/pituitary/Te-pi_262.jpg,pituitary,pituitary,1,1,1,1.0,0.9999,0.0,0.0,0.0,0.9999
Testing/pituitary/Te-pi_263.jpg,pituitary,pituitary,1,1,1,1.0,0.9999,0.0,0.0,0.0,0.9999
Testing/pituitary/Te-pi_264.jpg,pituitary,pituitary,1,1,1,1.0,0.9999,0.0,0.0,0.0,0.9999
Testing/pituitary/Te-pi_265.jpg,pituitary,pituitary,1,1,1,1.0,0.9999,0.0,0.0,0.0,0.9999
Testing/pituitary/Te-pi_266.jpg,pituitary,pituitary,1,1,1,1.0,0.9999,0.0,0.0,0.0,0.9999
Testing/pituitary/Te-pi_267.jpg,pituitary,pituitary,1,1,1,1.0,0.9999,0.0,0.0,0.0,0.9999
Testing/pituitary/Te-pi_268.jpg,pituitary,pituitary,1,1,1,1.0,0.9999,0.0,0.0,0.0,0.9999
Testing/pituitary/Te-pi_269.jpg,pituitary,pituitary,1,1,1,1.0,0.9999,0.0,0.0,0.0,0.9999
Testing/pituitary/Te-pi_27.jpg,pituitary,pituitary,1,1,1,1.0,0.9999,0.0,0.0,0.0,0.9999
Testing/pituitary/Te-pi_270.jpg,pituitary,pituitary,1,1,1,1.0,0.9999,0.0001,0.0,0.0,0.9999
Testing/pituitary/Te-pi_271.jpg,pituitary,pituitary,1,1,1,1.0,0.9999,0.0,0.0,0.0,0.9999
Testing/pituitary/Te-pi_272.jpg,pituitary,pituitary,1,1,1,1.0,0.9999,0.0,0.0,0.0,0.9999
Testing/pituitary/Te-pi_273.jpg,pituitary,pituitary,1,1,1,1.0,0.9998,0.0001,0.0,0.0,0.9998
Testing/pituitary/Te-pi_274.jpg,pituitary,pituitary,1,1,1,1.0,0.9998,0.0,0.0001,0.0,0.9998
Testing/pituitary/Te-pi_275.jpg,pituitary,pituitary,1,1,1,1.0,0.9999,0.0,0.0,0.0,0.9999
Testing/pituitary/Te-pi_276.jpg,pituitary,pituitary,1,1,1,0.9999,0.9999,0.0,0.0,0.0001,0.9999
Testing/pituitary/Te-pi_277.jpg,pituitary,pituitary,1,1,1,1.0,0.9999,0.0,0.0,0.0,0.9999
Testing/pituitary/Te-pi_278.jpg,pituitary,pituitary,1,1,1,1.0,0.9999,0.0,0.0001,0.0,0.9999
Testing/pituitary/Te-pi_279.jpg,pituitary,pituitary,1,1,1,1.0,0.9999,0.0,0.0001,0.0,0.9999
Testing/pituitary/Te-pi_28.jpg,pituitary,pituitary,1,1,1,1.0,0.9999,0.0,0.0,0.0,0.9999
Testing/pituitary/Te-pi_280.jpg,pituitary,pituitary,1,1,1,0.9998,0.9992,0.0002,0.0004,0.0002,0.9992
Testing/pituitary/Te-pi_281.jpg,pituitary,pituitary,1,1,1,1.0,0.9999,0.0,0.0,0.0,0.9999
Testing/pituitary/Te-pi_282.jpg,pituitary,pituitary,1,1,1,1.0,0.9999,0.0,0.0,0.0,0.9999
Testing/pituitary/Te-pi_283.jpg,pituitary,pituitary,1,1,1,0.9999,0.9998,0.0,0.0,0.0001,0.9998
Testing/pituitary/Te-pi_284.jpg,pituitary,pituitary,1,1,1,1.0,0.9999,0.0,0.0,0.0,0.9999
Testing/pituitary/Te-pi_285.jpg,pituitary,pituitary,1,1,1,1.0,0.9999,0.0,0.0,0.0,0.9999
Testing/pituitary/Te-pi_286.jpg,pituitary,pituitary,1,1,1,1.0,0.9999,0.0,0.0,0.0,0.9999
Testing/pituitary/Te-pi_287.jpg,pituitary,pituitary,1,1,1,1.0,0.9999,0.0,0.0,0.0,0.9999
Testing/pituitary/Te-pi_288.jpg,pituitary,pituitary,1,1,1,0.9999,0.9998,0.0001,0.0001,0.0001,0.9998
Testing/pituitary/Te-pi_289.jpg,pituitary,pituitary,1,1,1,0.9999,0.9998,0.0001,0.0001,0.0001,0.9998
Testing/pituitary/Te-pi_29.jpg,pituitary,pituitary,1,1,1,1.0,0.9999,0.0,0.0,0.0,0.9999
Testing/pituitary/Te-pi_290.jpg,pituitary,pituitary,1,1,1,1.0,0.9999,0.0,0.0,0.0,0.9999
Testing/pituitary/Te-pi_291.jpg,pituitary,pituitary,1,1,1,1.0,0.9999,0.0,0.0,0.0,0.9999
Testing/pituitary/Te-pi_292.jpg,pituitary,pituitary,1,1,1,1.0,0.9999,0.0,0.0,0.0,0.9999
Testing/pituitary/Te-pi_293.jpg,pituitary,pituitary,1,1,1,1.0,0.9998,0.0,0.0001,0.0,0.9998
Testing/pituitary/Te-pi_294.jpg,pituitary,pituitary,1,1,1,0.9998,0.9987,0.0003,0.0008,0.0002,0.9987
Testing/pituitary/Te-pi_295.jpg,pituitary,pituitary,1,1,1,1.0,0.9999,0.0,0.0,0.0,0.9999
Testing/pituitary/Te-pi_296.jpg,pituitary,pituitary,1,1,1,1.0,0.9999,0.0001,0.0,0.0,0.9999
Testing/pituitary/Te-pi_297.jpg,pituitary,pituitary,1,1,1,1.0,0.9999,0.0,0.0,0.0,0.9999
Testing/pituitary/Te-pi_298.jpg,pituitary,pituitary,1,1,1,1.0,0.9999,0.0,0.0,0.0,0.9999
Testing/pituitary/Te-pi_299.jpg,pituitary,pituitary,1,1,1,1.0,0.9999,0.0,0.0,0.0,0.9999
Testing/pituitary/Te-pi_3.jpg,pituitary,pituitary,1,1,1,1.0,0.9999,0.0,0.0,0.0,0.9999
Testing/pituitary/Te-pi_30.jpg,pituitary,pituitary,1,1,1,1.0,0.9999,0.0,0.0001,0.0,0.9999
Testing/pituitary/Te-pi_300.jpg,pituitary,pituitary,1,1,1,1.0,0.9999,0.0,0.0,0.0,0.9999
Testing/pituitary/Te-pi_301.jpg,pituitary,pituitary,1,1,1,1.0,0.9999,0.0,0.0,0.0,0.9999
Testing/pituitary/Te-pi_302.jpg,pituitary,pituitary,1,1,1,1.0,0.9999,0.0,0.0001,0.0,0.9999
Testing/pituitary/Te-pi_303.jpg,pituitary,pituitary,1,1,1,0.9999,0.9999,0.0001,0.0,0.0001,0.9999
Testing/pituitary/Te-pi_304.jpg,pituitary,pituitary,1,1,1,1.0,0.9999,0.0,0.0,0.0,0.9999
Testing/pituitary/Te-pi_305.jpg,pituitary,pituitary,1,1,1,1.0,0.9999,0.0,0.0,0.0,0.9999
Testing/pituitary/Te-pi_306.jpg,pituitary,pituitary,1,1,1,1.0,0.9999,0.0,0.0,0.0,0.9999
Testing/pituitary/Te-pi_307.jpg,pituitary,pituitary,1,1,1,1.0,0.9999,0.0,0.0,0.0,0.9999
Testing/pituitary/Te-pi_308.jpg,pituitary,pituitary,1,1,1,1.0,0.9999,0.0,0.0,0.0,0.9999
Testing/pituitary/Te-pi_309.jpg,pituitary,pituitary,1,1,1,1.0,0.9999,0.0,0.0,0.0,0.9999
Testing/pituitary/Te-pi_31.jpg,pituitary,pituitary,1,1,1,1.0,0.9999,0.0,0.0,0.0,0.9999
Testing/pituitary/Te-pi_310.jpg,pituitary,pituitary,1,1,1,1.0,0.9999,0.0,0.0,0.0,0.9999
Testing/pituitary/Te-pi_311.jpg,pituitary,pituitary,1,1,1,1.0,0.9999,0.0,0.0,0.0,0.9999
Testing/pituitary/Te-pi_312.jpg,pituitary,pituitary,1,1,1,1.0,0.9999,0.0,0.0,0.0,0.9999
Testing/pituitary/Te-pi_313.jpg,pituitary,pituitary,1,1,1,0.9999,0.9998,0.0001,0.0001,0.0001,0.9998
Testing/pituitary/Te-pi_314.jpg,pituitary,pituitary,1,1,1,1.0,0.9999,0.0,0.0,0.0,0.9999
Testing/pituitary/Te-pi_315.jpg,pituitary,pituitary,1,1,1,1.0,0.9999,0.0001,0.0,0.0,0.9999
Testing/pituitary/Te-pi_316.jpg,pituitary,pituitary,1,1,1,1.0,0.9999,0.0,0.0,0.0,0.9999
Testing/pituitary/Te-pi_317.jpg,pituitary,pituitary,1,1,1,1.0,0.9999,0.0,0.0,0.0,0.9999
Testing/pituitary/Te-pi_318.jpg,pituitary,pituitary,1,1,1,1.0,0.9999,0.0,0.0,0.0,0.9999
Testing/pituitary/Te-pi_319.jpg,pituitary,pituitary,1,1,1,1.0,0.9999,0.0,0.0,0.0,0.9999
Testing/pituitary/Te-pi_32.jpg,pituitary,pituitary,1,1,1,1.0,0.9999,0.0,0.0,0.0,0.9999
Testing/pituitary/Te-pi_320.jpg,pituitary,pituitary,1,1,1,1.0,0.9999,0.0,0.0,0.0,0.9999
Testing/pituitary/Te-pi_321.jpg,pituitary,pituitary,1,1,1,1.0,0.9999,0.0,0.0,0.0,0.9999
Testing/pituitary/Te-pi_322.jpg,pituitary,pituitary,1,1,1,1.0,0.9999,0.0,0.0,0.0,0.9999
Testing/pituitary/Te-pi_323.jpg,pituitary,pituitary,1,1,1,1.0,0.9999,0.0,0.0,0.0,0.9999
Testing/pituitary/Te-pi_324.jpg,pituitary,pituitary,1,1,1,1.0,0.9999,0.0,0.0,0.0,0.9999
Testing/pituitary/Te-pi_325.jpg,pituitary,pituitary,1,1,1,1.0,0.9999,0.0,0.0,0.0,0.9999
Testing/pituitary/Te-pi_326.jpg,pituitary,pituitary,1,1,1,1.0,0.9999,0.0,0.0,0.0,0.9999
Testing/pituitary/Te-pi_327.jpg,pituitary,pituitary,1,1,1,1.0,0.9999,0.0,0.0,0.0,0.9999
Testing/pituitary/Te-pi_328.jpg,pituitary,pituitary,1,1,1,1.0,0.9999,0.0001,0.0001,0.0,0.9999
Testing/pituitary/Te-pi_329.jpg,pituitary,pituitary,1,1,1,1.0,0.9999,0.0001,0.0,0.0,0.9999
Testing/pituitary/Te-pi_33.jpg,pituitary,pituitary,1,1,1,1.0,0.9999,0.0,0.0,0.0,0.9999
Testing/pituitary/Te-pi_330.jpg,pituitary,pituitary,1,1,1,1.0,0.9999,0.0,0.0,0.0,0.9999
Testing/pituitary/Te-pi_331.jpg,pituitary,pituitary,1,1,1,1.0,0.9999,0.0,0.0,0.0,0.9999
Testing/pituitary/Te-pi_332.jpg,pituitary,pituitary,1,1,1,1.0,0.9999,0.0,0.0,0.0,0.9999
Testing/pituitary/Te-pi_333.jpg,pituitary,pituitary,1,1,1,1.0,0.9999,0.0,0.0,0.0,0.9999
Testing/pituitary/Te-pi_334.jpg,pituitary,pituitary,1,1,1,1.0,0.9999,0.0001,0.0001,0.0,0.9999
Testing/pituitary/Te-pi_335.jpg,pituitary,pituitary,1,1,1,1.0,1.0,0.0,0.0,0.0,1.0
Testing/pituitary/Te-pi_336.jpg,pituitary,pituitary,1,1,1,1.0,0.9997,0.0,0.0002,0.0,0.9997
Testing/pituitary/Te-pi_337.jpg,pituitary,pituitary,1,1,1,1.0,0.9998,0.0001,0.0,0.0,0.9998
Testing/pituitary/Te-pi_338.jpg,pituitary,pituitary,1,1,1,1.0,0.9999,0.0,0.0,0.0,0.9999
Testing/pituitary/Te-pi_339.jpg,pituitary,pituitary,1,1,1,0.9998,0.9988,0.0002,0.0008,0.0002,0.9988
Testing/pituitary/Te-pi_34.jpg,pituitary,pituitary,1,1,1,1.0,0.9999,0.0,0.0,0.0,0.9999
Testing/pituitary/Te-pi_340.jpg,pituitary,pituitary,1,1,1,0.9999,0.9997,0.0001,0.0001,0.0001,0.9997
Testing/pituitary/Te-pi_341.jpg,pituitary,pituitary,1,1,1,1.0,0.9999,0.0,0.0,0.0,0.9999
Testing/pituitary/Te-pi_342.jpg,pituitary,pituitary,1,1,1,1.0,0.9999,0.0,0.0,0.0,0.9999
Testing/pituitary/Te-pi_343.jpg,pituitary,pituitary,1,1,1,1.0,0.9999,0.0,0.0,0.0,0.9999
Testing/pituitary/Te-pi_344.jpg,pituitary,pituitary,1,1,1,1.0,0.9999,0.0,0.0,0.0,0.9999
Testing/pituitary/Te-pi_345.jpg,pituitary,pituitary,1,1,1,1.0,0.9999,0.0,0.0,0.0,0.9999
Testing/pituitary/Te-pi_346.jpg,pituitary,pituitary,1,1,1,1.0,0.9999,0.0,0.0,0.0,0.9999
Testing/pituitary/Te-pi_347.jpg,pituitary,pituitary,1,1,1,1.0,0.9999,0.0,0.0,0.0,0.9999
Testing/pituitary/Te-pi_348.jpg,pituitary,pituitary,1,1,1,1.0,0.9999,0.0,0.0,0.0,0.9999
Testing/pituitary/Te-pi_349.jpg,pituitary,pituitary,1,1,1,0.9999,0.9999,0.0,0.0,0.0001,0.9999
Testing/pituitary/Te-pi_35.jpg,pituitary,pituitary,1,1,1,1.0,0.9999,0.0,0.0,0.0,0.9999
Testing/pituitary/Te-pi_350.jpg,pituitary,pituitary,1,1,1,1.0,0.9999,0.0,0.0,0.0,0.9999
Testing/pituitary/Te-pi_351.jpg,pituitary,pituitary,1,1,1,1.0,0.9999,0.0,0.0,0.0,0.9999
Testing/pituitary/Te-pi_352.jpg,pituitary,pituitary,1,1,1,1.0,0.9999,0.0,0.0,0.0,0.9999
Testing/pituitary/Te-pi_353.jpg,pituitary,pituitary,1,1,1,1.0,0.9999,0.0,0.0,0.0,0.9999
Testing/pituitary/Te-pi_354.jpg,pituitary,pituitary,1,1,1,1.0,0.9999,0.0,0.0,0.0,0.9999
Testing/pituitary/Te-pi_355.jpg,pituitary,pituitary,1,1,1,1.0,0.9999,0.0,0.0,0.0,0.9999
Testing/pituitary/Te-pi_356.jpg,pituitary,pituitary,1,1,1,1.0,0.9999,0.0,0.0,0.0,0.9999
Testing/pituitary/Te-pi_357.jpg,pituitary,pituitary,1,1,1,1.0,0.9999,0.0,0.0,0.0,0.9999
Testing/pituitary/Te-pi_358.jpg,pituitary,pituitary,1,1,1,1.0,0.9999,0.0,0.0,0.0,0.9999
Testing/pituitary/Te-pi_359.jpg,pituitary,pituitary,1,1,1,1.0,0.9999,0.0,0.0,0.0,0.9999
Testing/pituitary/Te-pi_36.jpg,pituitary,pituitary,1,1,1,1.0,0.9999,0.0,0.0,0.0,0.9999
Testing/pituitary/Te-pi_360.jpg,pituitary,pituitary,1,1,1,1.0,0.9999,0.0,0.0,0.0,0.9999
Testing/pituitary/Te-pi_361.jpg,pituitary,pituitary,1,1,1,1.0,0.9999,0.0001,0.0,0.0,0.9999
Testing/pituitary/Te-pi_362.jpg,pituitary,pituitary,1,1,1,1.0,0.9999,0.0,0.0,0.0,0.9999
Testing/pituitary/Te-pi_363.jpg,pituitary,pituitary,1,1,1,1.0,1.0,0.0,0.0,0.0,1.0
Testing/pituitary/Te-pi_364.jpg,pituitary,pituitary,1,1,1,0.9999,0.9993,0.0001,0.0005,0.0001,0.9993
Testing/pituitary/Te-pi_365.jpg,pituitary,pituitary,1,1,1,1.0,0.9999,0.0,0.0,0.0,0.9999
Testing/pituitary/Te-pi_366.jpg,pituitary,pituitary,1,1,1,1.0,0.9999,0.0,0.0,0.0,0.9999
Testing/pituitary/Te-pi_367.jpg,pituitary,pituitary,1,1,1,0.9999,0.9991,0.0003,0.0004,0.0001,0.9991
Testing/pituitary/Te-pi_368.jpg,pituitary,pituitary,1,1,1,1.0,0.9999,0.0,0.0,0.0,0.9999
Testing/pituitary/Te-pi_369.jpg,pituitary,pituitary,1,1,1,1.0,0.9999,0.0,0.0,0.0,0.9999
Testing/pituitary/Te-pi_37.jpg,pituitary,pituitary,1,1,1,1.0,0.9999,0.0,0.0,0.0,0.9999
Testing/pituitary/Te-pi_370.jpg,pituitary,pituitary,1,1,1,1.0,0.9999,0.0,0.0001,0.0,0.9999
Testing/pituitary/Te-pi_371.jpg,pituitary,pituitary,1,1,1,1.0,0.9999,0.0,0.0,0.0,0.9999
Testing/pituitary/Te-pi_372.jpg,pituitary,pituitary,1,1,1,0.9999,0.9986,0.0002,0.0011,0.0001,0.9986
Testing/pituitary/Te-pi_373.jpg,pituitary,pituitary,1,1,1,1.0,0.9999,0.0,0.0,0.0,0.9999
Testing/pituitary/Te-pi_374.jpg,pituitary,pituitary,1,1,1,0.9999,0.9999,0.0,0.0,0.0001,0.9999
Testing/pituitary/Te-pi_375.jpg,pituitary,pituitary,1,1,1,0.9997,0.9981,0.0008,0.0008,0.0003,0.9981
Testing/pituitary/Te-pi_376.jpg,pituitary,pituitary,1,1,1,1.0,0.9999,0.0,0.0,0.0,0.9999
Testing/pituitary/Te-pi_377.jpg,pituitary,pituitary,1,1,1,0.9999,0.9998,0.0001,0.0001,0.0001,0.9998
Testing/pituitary/Te-pi_378.jpg,pituitary,pituitary,1,1,1,0.9994,0.9976,0.0004,0.0015,0.0006,0.9976
Testing/pituitary/Te-pi_379.jpg,pituitary,pituitary,1,1,1,1.0,0.9999,0.0,0.0,0.0,0.9999
Testing/pituitary/Te-pi_38.jpg,pituitary,pituitary,1,1,1,1.0,0.9998,0.0001,0.0001,0.0,0.9998
Testing/pituitary/Te-pi_380.jpg,pituitary,pituitary,1,1,1,1.0,0.9999,0.0,0.0,0.0,0.9999
Testing/pituitary/Te-pi_381.jpg,pituitary,pituitary,1,1,1,0.9999,0.9998,0.0001,0.0001,0.0,0.9998
Testing/pituitary/Te-pi_382.jpg,pituitary,pituitary,1,1,1,1.0,0.9999,0.0,0.0,0.0,0.9999
Testing/pituitary/Te-pi_383.jpg,pituitary,pituitary,1,1,1,1.0,0.9998,0.0,0.0001,0.0,0.9998
Testing/pituitary/Te-pi_384.jpg,pituitary,pituitary,1,1,1,1.0,0.9999,0.0,0.0,0.0,0.9999
Testing/pituitary/Te-pi_385.jpg,pituitary,pituitary,1,1,1,1.0,0.9999,0.0,0.0,0.0,0.9999
Testing/pituitary/Te-pi_386.jpg,pituitary,pituitary,1,1,1,1.0,0.9999,0.0,0.0,0.0,0.9999
Testing/pituitary/Te-pi_387.jpg,pituitary,pituitary,1,1,1,1.0,0.9999,0.0,0.0,0.0,0.9999
Testing/pituitary/Te-pi_388.jpg,pituitary,pituitary,1,1,1,0.9999,0.9947,0.005,0.0002,0.0001,0.9947
Testing/pituitary/Te-pi_389.jpg,pituitary,pituitary,1,1,1,1.0,0.9999,0.0,0.0,0.0,0.9999
Testing/pituitary/Te-pi_39.jpg,pituitary,pituitary,1,1,1,1.0,0.9999,0.0,0.0,0.0,0.9999
Testing/pituitary/Te-pi_390.jpg,pituitary,pituitary,1,1,1,1.0,0.9999,0.0,0.0,0.0,0.9999
Testing/pituitary/Te-pi_391.jpg,pituitary,pituitary,1,1,1,1.0,0.9999,0.0,0.0,0.0,0.9999
Testing/pituitary/Te-pi_392.jpg,pituitary,pituitary,1,1,1,1.0,0.9999,0.0,0.0,0.0,0.9999
Testing/pituitary/Te-pi_393.jpg,pituitary,pituitary,1,1,1,1.0,0.9998,0.0001,0.0001,0.0,0.9998
Testing/pituitary/Te-pi_394.jpg,pituitary,pituitary,1,1,1,1.0,1.0,0.0,0.0,0.0,1.0
Testing/pituitary/Te-pi_395.jpg,pituitary,pituitary,1,1,1,1.0,0.9999,0.0,0.0,0.0,0.9999
Testing/pituitary/Te-pi_396.jpg,pituitary,pituitary,1,1,1,1.0,0.9999,0.0001,0.0,0.0,0.9999
Testing/pituitary/Te-pi_397.jpg,pituitary,pituitary,1,1,1,1.0,0.9999,0.0,0.0,0.0,0.9999
Testing/pituitary/Te-pi_398.jpg,pituitary,pituitary,1,1,1,1.0,0.9999,0.0,0.0001,0.0,0.9999
Testing/pituitary/Te-pi_399.jpg,pituitary,pituitary,1,1,1,1.0,0.9999,0.0,0.0,0.0,0.9999
Testing/pituitary/Te-pi_4.jpg,pituitary,pituitary,1,1,1,1.0,0.9999,0.0,0.0,0.0,0.9999
Testing/pituitary/Te-pi_40.jpg,pituitary,pituitary,1,1,1,1.0,0.9998,0.0,0.0001,0.0,0.9998
Testing/pituitary/Te-pi_400.jpg,pituitary,pituitary,1,1,1,1.0,0.9999,0.0,0.0001,0.0,0.9999
Testing/pituitary/Te-pi_41.jpg,pituitary,pituitary,1,1,1,1.0,0.9999,0.0,0.0001,0.0,0.9999
Testing/pituitary/Te-pi_42.jpg,pituitary,pituitary,1,1,1,1.0,0.9999,0.0,0.0,0.0,0.9999
Testing/pituitary/Te-pi_43.jpg,pituitary,pituitary,1,1,1,1.0,0.9999,0.0,0.0,0.0,0.9999
Testing/pituitary/Te-pi_44.jpg,pituitary,pituitary,1,1,1,1.0,0.9999,0.0,0.0,0.0,0.9999
Testing/pituitary/Te-pi_45.jpg,pituitary,pituitary,1,1,1,1.0,0.9999,0.0,0.0,0.0,0.9999
Testing/pituitary/Te-pi_46.jpg,pituitary,pituitary,1,1,1,0.9998,0.9993,0.0004,0.0001,0.0002,0.9993
Testing/pituitary/Te-pi_47.jpg,pituitary,pituitary,1,1,1,1.0,0.9999,0.0,0.0,0.0,0.9999
Testing/pituitary/Te-pi_48.jpg,pituitary,pituitary,1,1,1,1.0,0.9998,0.0,0.0001,0.0,0.9998
Testing/pituitary/Te-pi_49.jpg,pituitary,pituitary,1,1,1,1.0,0.9999,0.0,0.0,0.0,0.9999
Testing/pituitary/Te-pi_5.jpg,pituitary,pituitary,1,1,1,1.0,0.9999,0.0,0.0,0.0,0.9999
Testing/pituitary/Te-pi_50.jpg,pituitary,pituitary,1,1,1,1.0,0.9999,0.0,0.0,0.0,0.9999
Testing/pituitary/Te-pi_51.jpg,pituitary,pituitary,1,1,1,1.0,0.9999,0.0,0.0,0.0,0.9999
Testing/pituitary/Te-pi_52.jpg,pituitary,pituitary,1,1,1,1.0,0.9999,0.0,0.0,0.0,0.9999
Testing/pituitary/Te-pi_53.jpg,pituitary,pituitary,1,1,1,1.0,0.9999,0.0,0.0,0.0,0.9999
Testing/pituitary/Te-pi_54.jpg,pituitary,pituitary,1,1,1,1.0,0.9999,0.0,0.0,0.0,0.9999
Testing/pituitary/Te-pi_55.jpg,pituitary,pituitary,1,1,1,1.0,0.9999,0.0,0.0001,0.0,0.9999
Testing/pituitary/Te-pi_56.jpg,pituitary,pituitary,1,1,1,1.0,0.9999,0.0,0.0,0.0,0.9999
Testing/pituitary/Te-pi_57.jpg,pituitary,pituitary,1,1,1,1.0,0.9999,0.0,0.0,0.0,0.9999
Testing/pituitary/Te-pi_58.jpg,pituitary,pituitary,1,1,1,1.0,0.9999,0.0,0.0001,0.0,0.9999
Testing/pituitary/Te-pi_59.jpg,pituitary,pituitary,1,1,1,1.0,0.9999,0.0,0.0,0.0,0.9999
Testing/pituitary/Te-pi_6.jpg,pituitary,pituitary,1,1,1,1.0,0.9999,0.0,0.0,0.0,0.9999
Testing/pituitary/Te-pi_60.jpg,pituitary,pituitary,1,1,1,0.9999,0.9982,0.0001,0.0017,0.0001,0.9982
Testing/pituitary/Te-pi_61.jpg,pituitary,pituitary,1,1,1,1.0,0.9999,0.0,0.0,0.0,0.9999
Testing/pituitary/Te-pi_62.jpg,pituitary,pituitary,1,1,1,1.0,0.9999,0.0,0.0,0.0,0.9999
Testing/pituitary/Te-pi_63.jpg,pituitary,pituitary,1,1,1,1.0,0.9999,0.0,0.0,0.0,0.9999
Testing/pituitary/Te-pi_64.jpg,pituitary,pituitary,1,1,1,1.0,0.9998,0.0001,0.0001,0.0,0.9998
Testing/pituitary/Te-pi_65.jpg,pituitary,pituitary,1,1,1,1.0,0.9999,0.0,0.0,0.0,0.9999
Testing/pituitary/Te-pi_66.jpg,pituitary,pituitary,1,1,1,1.0,0.9998,0.0,0.0001,0.0,0.9998
Testing/pituitary/Te-pi_67.jpg,pituitary,pituitary,1,1,1,1.0,0.9999,0.0,0.0,0.0,0.9999
Testing/pituitary/Te-pi_68.jpg,pituitary,pituitary,1,1,1,1.0,0.9999,0.0,0.0,0.0,0.9999
Testing/pituitary/Te-pi_69.jpg,pituitary,pituitary,1,1,1,1.0,0.9999,0.0,0.0,0.0,0.9999
Testing/pituitary/Te-pi_7.jpg,pituitary,pituitary,1,1,1,0.9999,0.9998,0.0001,0.0,0.0001,0.9998
Testing/pituitary/Te-pi_70.jpg,pituitary,pituitary,1,1,1,1.0,0.9999,0.0,0.0,0.0,0.9999
Testing/pituitary/Te-pi_71.jpg,pituitary,pituitary,1,1,1,1.0,0.9999,0.0,0.0,0.0,0.9999
Testing/pituitary/Te-pi_72.jpg,pituitary,pituitary,1,1,1,1.0,0.9999,0.0,0.0,0.0,0.9999
Testing/pituitary/Te-pi_73.jpg,pituitary,pituitary,1,1,1,1.0,0.9999,0.0,0.0,0.0,0.9999
Testing/pituitary/Te-pi_74.jpg,pituitary,pituitary,1,1,1,1.0,1.0,0.0,0.0,0.0,1.0
Testing/pituitary/Te-pi_75.jpg,pituitary,pituitary,1,1,1,1.0,0.9999,0.0,0.0,0.0,0.9999
Testing/pituitary/Te-pi_76.jpg,pituitary,pituitary,1,1,1,1.0,0.9999,0.0,0.0,0.0,0.9999
Testing/pituitary/Te-pi_77.jpg,pituitary,pituitary,1,1,1,1.0,0.9999,0.0,0.0001,0.0,0.9999
Testing/pituitary/Te-pi_78.jpg,pituitary,pituitary,1,1,1,1.0,0.9999,0.0,0.0,0.0,0.9999
Testing/pituitary/Te-pi_79.jpg,pituitary,pituitary,1,1,1,1.0,0.9999,0.0,0.0,0.0,0.9999
Testing/pituitary/Te-pi_8.jpg,pituitary,pituitary,1,1,1,1.0,0.9999,0.0,0.0,0.0,0.9999
Testing/pituitary/Te-pi_80.jpg,pituitary,pituitary,1,1,1,1.0,0.9999,0.0001,0.0,0.0,0.9999
Testing/pituitary/Te-pi_81.jpg,pituitary,pituitary,1,1,1,1.0,0.9999,0.0001,0.0,0.0,0.9999
Testing/pituitary/Te-pi_82.jpg,pituitary,pituitary,1,1,1,1.0,0.9999,0.0,0.0,0.0,0.9999
Testing/pituitary/Te-pi_83.jpg,pituitary,pituitary,1,1,1,1.0,0.9999,0.0,0.0,0.0,0.9999
Testing/pituitary/Te-pi_84.jpg,pituitary,pituitary,1,1,1,1.0,0.9999,0.0,0.0,0.0,0.9999
Testing/pituitary/Te-pi_85.jpg,pituitary,pituitary,1,1,1,0.9999,0.998,0.0001,0.0018,0.0001,0.998
Testing/pituitary/Te-pi_86.jpg,pituitary,pituitary,1,1,1,1.0,1.0,0.0,0.0,0.0,1.0
Testing/pituitary/Te-pi_87.jpg,pituitary,pituitary,1,1,1,1.0,0.9999,0.0,0.0001,0.0,0.9999
Testing/pituitary/Te-pi_88.jpg,pituitary,pituitary,1,1,1,1.0,0.9999,0.0001,0.0,0.0,0.9999
Testing/pituitary/Te-pi_89.jpg,pituitary,pituitary,1,1,1,0.9999,0.9999,0.0,0.0,0.0001,0.9999
Testing/pituitary/Te-pi_9.jpg,pituitary,pituitary,1,1,1,1.0,0.9999,0.0,0.0,0.0,0.9999
Testing/pituitary/Te-pi_90.jpg,pituitary,pituitary,1,1,1,1.0,0.9999,0.0,0.0,0.0,0.9999
Testing/pituitary/Te-pi_91.jpg,pituitary,pituitary,1,1,1,0.9999,0.9997,0.0001,0.0001,0.0001,0.9997
Testing/pituitary/Te-pi_92.jpg,pituitary,pituitary,1,1,1,1.0,0.9999,0.0,0.0,0.0,0.9999
Testing/pituitary/Te-pi_93.jpg,pituitary,pituitary,1,1,1,1.0,0.9999,0.0,0.0,0.0,0.9999
Testing/pituitary/Te-pi_94.jpg,pituitary,pituitary,1,1,1,0.9994,0.999,0.0003,0.0002,0.0006,0.999
Testing/pituitary/Te-pi_95.jpg,pituitary,pituitary,1,1,1,1.0,0.9999,0.0,0.0,0.0,0.9999
Testing/pituitary/Te-pi_96.jpg,pituitary,pituitary,1,1,1,1.0,0.9999,0.0,0.0,0.0,0.9999
Testing/pituitary/Te-pi_97.jpg,pituitary,pituitary,1,1,1,0.9999,0.9998,0.0001,0.0001,0.0001,0.9998
Testing/pituitary/Te-pi_98.jpg,pituitary,pituitary,1,1,1,0.9998,0.9872,0.0004,0.0122,0.0002,0.9872
Testing/pituitary/Te-pi_99.jpg,pituitary,pituitary,1,1,1,0.9999,0.9996,0.0001,0.0002,0.0001,0.9996
